[
  {
    "_id": 2,
    "ankamaId": 2,
    "name": "Bûcheron",
    "level": null,
    "imgUrl": "https://s.ankama.com/www/static.ankama.com/dofus/ng/modules/mmorpg/encyclopedia/jobs/assets/images/2.jpg",
    "url": "https://www.dofus.com/fr/mmorpg/encyclopedie/metiers/2-bucheron",
    "description": "Le bûcheron coupe les arbres. Il peut également fabriquer des planches et des substrats qui sont utilisés pour confectionner d'autres objets.",
    "harvests": [
      {
        "imgUrl": "https://s.ankama.com/www/static.ankama.com/dofus/www/game/items/52/38017.w40h40.png",
        "name": "Bois de Frêne",
        "url": "https://www.dofus.com/fr/mmorpg/encyclopedie/ressources/303-bois-frene",
        "ankamaId": 303,
        "level": 1,
        "location": [
          "Port de Madrestam",
          "Champ des Ingalsse",
          "Forêt d'Amakna",
          "Coin des Bouftous",
          "Village d'Amakna",
          "Péninsule des gelées",
          "Bord de la forêt maléfique",
          "Presqu'île des Dragoeufs",
          "Fortification de Bonta",
          "Bois de Litneg",
          "Cité d'Astrub",
          "Carrière d'Astrub",
          "Forêt d'Astrub",
          "Champs d'Astrub",
          "Cimetière d'Astrub",
          "Territoire des Bandits",
          "Orée de la forêt des Abraknydes",
          "Plaine des Scarafeuilles",
          "Prairies d'Astrub",
          "Plaine des Porkass",
          "Grange du Tournesol Affamé",
          "Forêt",
          "Clairière de Brouce Boulgoure",
          "Millifutaie",
          "Campagne d'Amakna"
        ]
      },
      {
        "imgUrl": "https://s.ankama.com/www/static.ankama.com/dofus/www/game/items/52/38086.w40h40.png",
        "name": "Bois de Châtaignier",
        "url": "https://www.dofus.com/fr/mmorpg/encyclopedie/ressources/473-bois-chataignier",
        "ankamaId": 473,
        "level": 20,
        "location": [
          "Champ des Ingalsse",
          "Forêt d'Amakna",
          "Coin des Bouftous",
          "Village d'Amakna",
          "Bord de la forêt maléfique",
          "Presqu'île des Dragoeufs",
          "Tainéla",
          "Fortification de Bonta",
          "Massif de Cania",
          "Bois de Litneg",
          "Cité d'Astrub",
          "Carrière d'Astrub",
          "Forêt d'Astrub",
          "Champs d'Astrub",
          "Cimetière d'Astrub",
          "Territoire des Bandits",
          "Orée de la forêt des Abraknydes",
          "Plaine des Scarafeuilles",
          "Prairies d'Astrub",
          "Plaine des Porkass",
          "Château d'Amakna",
          "Grange du Tournesol Affamé",
          "Montagne basse des Craqueleurs",
          "Clairière de Brouce Boulgoure",
          "Millifutaie",
          "Campagne d'Amakna"
        ]
      },
      {
        "imgUrl": "https://s.ankama.com/www/static.ankama.com/dofus/www/game/items/52/38095.w40h40.png",
        "name": "Bois de Noyer",
        "url": "https://www.dofus.com/fr/mmorpg/encyclopedie/ressources/476-bois-noyer",
        "ankamaId": 476,
        "level": 40,
        "location": [
          "Port de Madrestam",
          "Forêt d'Amakna",
          "Péninsule des gelées",
          "Presqu'île des Dragoeufs",
          "Tainéla",
          "Bois des Arak-haï",
          "Fortification de Bonta",
          "Massif de Cania",
          "Lac de Cania",
          "Bois de Litneg",
          "Cité d'Astrub",
          "Carrière d'Astrub",
          "Forêt d'Astrub",
          "Cimetière d'Astrub",
          "Territoire des Bandits",
          "Orée de la forêt des Abraknydes",
          "Plaine des Scarafeuilles",
          "Plaine des Porkass",
          "Château d'Amakna",
          "Rivière Kawaii",
          "Montagne basse des Craqueleurs",
          "Campagne d'Amakna",
          "Pics de Cania",
          "Routes Rocailleuses",
          "Arènes de Goultard"
        ]
      },
      {
        "imgUrl": "https://s.ankama.com/www/static.ankama.com/dofus/www/game/items/52/38092.w40h40.png",
        "name": "Bois de Chêne",
        "url": "https://www.dofus.com/fr/mmorpg/encyclopedie/ressources/460-bois-chene",
        "ankamaId": 460,
        "level": 60,
        "location": [
          "Forêt d'Amakna",
          "Péninsule des gelées",
          "Tainéla",
          "Bois des Arak-haï",
          "Fortification de Bonta",
          "Massif de Cania",
          "Lac de Cania",
          "Bois de Litneg",
          "Cité d'Astrub",
          "Carrière d'Astrub",
          "Forêt d'Astrub",
          "Plaine des Scarafeuilles",
          "Lacs enchantés",
          "Grange du Tournesol Affamé",
          "Montagne basse des Craqueleurs",
          "Landes de Cania",
          "Pics de Cania",
          "Routes Rocailleuses"
        ]
      },
      {
        "imgUrl": "https://s.ankama.com/www/static.ankama.com/dofus/www/game/items/52/38482.w40h40.png",
        "name": "Bois de Bombu",
        "url": "https://www.dofus.com/fr/mmorpg/encyclopedie/ressources/2358-bois-bombu",
        "ankamaId": 2358,
        "level": 70,
        "location": [
          "Massif de Cania",
          "Pénates du Corbac",
          "Lac de Cania",
          "Plaine des Porkass",
          "Baie de Cania",
          "Landes de Cania",
          "Dents de Pierre",
          "Pics de Cania",
          "Hauts des Hurlements",
          "Cirque de Cania"
        ]
      },
      {
        "imgUrl": "https://s.ankama.com/www/static.ankama.com/dofus/www/game/items/52/38153.w40h40.png",
        "name": "Bois d'Erable",
        "url": "https://www.dofus.com/fr/mmorpg/encyclopedie/ressources/471-bois-erable",
        "ankamaId": 471,
        "level": 80,
        "location": [
          "Port de Madrestam",
          "Montagne des Craqueleurs",
          "Forêt d'Amakna",
          "Territoire des Porcos",
          "Péninsule des gelées",
          "Bord de la forêt maléfique",
          "Presqu'île des Dragoeufs",
          "Tainéla",
          "Bois des Arak-haï",
          "Fortification de Bonta",
          "Quartier des Forgerons",
          "Massif de Cania",
          "Bois de Litneg",
          "Cité d'Astrub",
          "Carrière d'Astrub",
          "Forêt d'Astrub",
          "Champs d'Astrub",
          "Territoire des Bandits",
          "Orée de la forêt des Abraknydes",
          "Plaine des Scarafeuilles",
          "Château d'Amakna",
          "Lacs enchantés",
          "Canyon sauvage",
          "Rivière Kawaii",
          "Montagne basse des Craqueleurs",
          "Clairière de Brouce Boulgoure",
          "Routes Rocailleuses",
          "Arènes de Goultard"
        ]
      },
      {
        "imgUrl": "https://s.ankama.com/www/static.ankama.com/dofus/www/game/items/52/38481.w40h40.png",
        "name": "Bois d'Oliviolet",
        "url": "https://www.dofus.com/fr/mmorpg/encyclopedie/ressources/2357-bois-oliviolet",
        "ankamaId": 2357,
        "level": 90,
        "location": [
          "Désolation de Sidimote",
          "Cimetière des Torturés",
          "Bordure de Brâkmar",
          "Terres Désacrées",
          "Hauts des Hurlements",
          "Route des Roulottes",
          "Haras de Brâkmar"
        ]
      },
      {
        "imgUrl": "https://s.ankama.com/www/static.ankama.com/dofus/www/game/items/52/38094.w40h40.png",
        "name": "Bois d'If",
        "url": "https://www.dofus.com/fr/mmorpg/encyclopedie/ressources/461-bois-if",
        "ankamaId": 461,
        "level": 100,
        "location": [
          "Forêt d'Amakna",
          "Village d'Amakna",
          "Territoire des Porcos",
          "Tainéla",
          "Fortification de Bonta",
          "Bois de Litneg",
          "Plaines Rocheuses",
          "Forêt d'Astrub",
          "Cimetière d'Astrub",
          "Territoire des Bandits",
          "Jungle Interdite",
          "Forêt des Masques",
          "Chemin du Crâne",
          "Plaine des Porkass",
          "Canyon sauvage",
          "Pâturages de Bonta",
          "Plaines herbeuses",
          "Village des éleveurs",
          "Montagne basse des Craqueleurs",
          "Dents de Pierre",
          "Pics de Cania",
          "Routes Rocailleuses",
          "Arènes de Goultard"
        ]
      },
      {
        "imgUrl": "https://s.ankama.com/www/static.ankama.com/dofus/www/game/items/52/38673.w40h40.png",
        "name": "Bois de Bambou",
        "url": "https://www.dofus.com/fr/mmorpg/encyclopedie/ressources/7013-bois-bambou",
        "ankamaId": 7013,
        "level": 110,
        "location": [
          "Pandala Neutre",
          "Bordure d'Akwadala",
          "Bordure d'Aerdala",
          "Bordure de Terrdala",
          "Village d'Aerdala",
          "Donjon des Kitsounes",
          "Forêt de Pandala",
          "Rivière Kawaii"
        ]
      },
      {
        "imgUrl": "https://s.ankama.com/www/static.ankama.com/dofus/www/game/items/52/38139.w40h40.png",
        "name": "Bois de Merisier",
        "url": "https://www.dofus.com/fr/mmorpg/encyclopedie/ressources/474-bois-merisier",
        "ankamaId": 474,
        "level": 120,
        "location": [
          "Champ des Ingalsse",
          "Forêt d'Amakna",
          "Village d'Amakna",
          "Péninsule des gelées",
          "Bord de la forêt maléfique",
          "Tainéla",
          "Fortification de Bonta",
          "Quartier des Forgerons",
          "Massif de Cania",
          "Bois de Litneg",
          "Cité d'Astrub",
          "Forêt d'Astrub",
          "Territoire des Bandits",
          "Îlot de la Couronne",
          "Prairies d'Astrub",
          "Plaine des Porkass",
          "Lacs enchantés",
          "Pitons Rocheux des Craqueleurs",
          "Canyon sauvage",
          "Plaines herbeuses",
          "Village des éleveurs",
          "Millifutaie",
          "Dents de Pierre",
          "Cirque de Cania",
          "Routes Rocailleuses",
          "Arènes de Goultard"
        ]
      },
      {
        "imgUrl": "https://s.ankama.com/www/static.ankama.com/dofus/www/game/items/52/38143.w40h40.png",
        "name": "Bois de Noisetier",
        "url": "https://www.dofus.com/fr/mmorpg/encyclopedie/ressources/16488-bois-noisetier",
        "ankamaId": 16488,
        "level": 130,
        "location": [
          "Forêt d'Amakna",
          "Bois des Arak-haï",
          "Massif de Cania",
          "Lac de Cania",
          "Cité d'Astrub",
          "Forêt d'Astrub",
          "Cimetière d'Astrub",
          "Territoire des Bandits",
          "Orée de la forêt des Abraknydes",
          "Prairies d'Astrub",
          "Plaine des Porkass",
          "Jungle obscure",
          "Feuillage de l'arbre Hakam",
          "Landes de Cania",
          "Dents de Pierre",
          "Cirque de Cania",
          "Village des Kanigs"
        ]
      },
      {
        "imgUrl": "https://s.ankama.com/www/static.ankama.com/dofus/www/game/items/52/38073.w40h40.png",
        "name": "Bois d'Ebène",
        "url": "https://www.dofus.com/fr/mmorpg/encyclopedie/ressources/449-bois-ebene",
        "ankamaId": 449,
        "level": 140,
        "location": [
          "Forêt maléfique",
          "Village d'Amakna",
          "Territoire des Porcos",
          "Péninsule des gelées",
          "Fortification de Bonta",
          "Pénates du Corbac",
          "Bois de Litneg",
          "Îlot de la Couronne",
          "Pitons Rocheux des Craqueleurs",
          "Jungle obscure",
          "Feuillage de l'arbre Hakam",
          "Dents de Pierre",
          "Cirque de Cania",
          "Arènes de Goultard",
          "Clairière du Chêne Mou",
          "Salles des Courants"
        ]
      },
      {
        "imgUrl": "https://s.ankama.com/www/static.ankama.com/dofus/www/game/items/52/38001.w40h40.png",
        "name": "Bois de Kaliptus",
        "url": "https://www.dofus.com/fr/mmorpg/encyclopedie/ressources/7925-bois-kaliptus",
        "ankamaId": 7925,
        "level": 150,
        "location": [
          "Village des Eleveurs",
          "Lacs enchantés",
          "Forêt de Kaliptus",
          "Territoire des Dragodindes Sauvages"
        ]
      },
      {
        "imgUrl": "https://s.ankama.com/www/static.ankama.com/dofus/www/game/items/52/38138.w40h40.png",
        "name": "Bois de Charme",
        "url": "https://www.dofus.com/fr/mmorpg/encyclopedie/ressources/472-bois-charme",
        "ankamaId": 472,
        "level": 160,
        "location": [
          "Forêt d'Amakna",
          "Coin des Bouftous",
          "Forêt maléfique",
          "Village d'Amakna",
          "Territoire des Porcos",
          "Péninsule des gelées",
          "Bois des Arak-haï",
          "Fortification de Bonta",
          "Massif de Cania",
          "Cimetière des Héros",
          "Champs de Cania",
          "Bois de Litneg",
          "Cité d'Astrub",
          "Forêt d'Astrub",
          "Champs d'Astrub",
          "Cimetière d'Astrub",
          "Îlot de la Couronne",
          "Orée de la forêt des Abraknydes",
          "Prairies d'Astrub",
          "Plaine des Porkass",
          "Lacs enchantés",
          "Territoire des Dragodindes Sauvages",
          "Jungle obscure",
          "Dents de Pierre",
          "Cirque de Cania",
          "Arènes de Goultard",
          "Salles des Courants",
          "Village des Kanigs"
        ]
      },
      {
        "imgUrl": "https://s.ankama.com/www/static.ankama.com/dofus/www/game/items/52/38672.w40h40.png",
        "name": "Bois de Bambou Sombre",
        "url": "https://www.dofus.com/fr/mmorpg/encyclopedie/ressources/7016-bois-bambou-sombre",
        "ankamaId": 7016,
        "level": 170,
        "location": [
          "Bordure de Feudala",
          "Village de Feudala",
          "Donjon des Kitsounes",
          "Donjon des Firefoux"
        ]
      },
      {
        "imgUrl": "https://s.ankama.com/www/static.ankama.com/dofus/www/game/items/52/38140.w40h40.png",
        "name": "Bois d'Orme",
        "url": "https://www.dofus.com/fr/mmorpg/encyclopedie/ressources/470-bois-orme",
        "ankamaId": 470,
        "level": 180,
        "location": [
          "Forêt d'Amakna",
          "Forêt maléfique",
          "Territoire des Porcos",
          "Presqu'île des Dragoeufs",
          "Massif de Cania",
          "Pénates du Corbac",
          "Lac de Cania",
          "Cimetière des Héros",
          "Champs de Cania",
          "Bois de Litneg",
          "Plaines Rocheuses",
          "Forêt d'Astrub",
          "Champs d'Astrub",
          "Bordure d'Akwadala",
          "Îlot de la Couronne",
          "Orée de la forêt des Abraknydes",
          "Prairies d'Astrub",
          "Lacs enchantés",
          "Territoire des Dragodindes Sauvages",
          "Pitons Rocheux des Craqueleurs",
          "Canyon sauvage",
          "Pâturages de Bonta",
          "Jungle obscure",
          "Feuillage de l'arbre Hakam",
          "Terres Désacrées",
          "Landes de Cania",
          "Pics de Cania",
          "Routes Rocailleuses",
          "Village des Kanigs",
          "Dimension Obscure"
        ]
      },
      {
        "imgUrl": "https://s.ankama.com/www/static.ankama.com/dofus/www/game/items/52/38671.w40h40.png",
        "name": "Bois de Bambou Sacré",
        "url": "https://www.dofus.com/fr/mmorpg/encyclopedie/ressources/7014-bois-bambou-sacre",
        "ankamaId": 7014,
        "level": 190,
        "location": [
          "Pandala Neutre",
          "Bordure d'Akwadala",
          "Bordure d'Aerdala",
          "Bordure de Terrdala",
          "Village d'Aerdala",
          "Donjon des Kitsounes",
          "Île de Grobe",
          "Forêt de Pandala"
        ]
      },
      {
        "imgUrl": "https://s.ankama.com/www/static.ankama.com/dofus/www/game/items/52/38677.w40h40.png",
        "name": "Bois de Tremble",
        "url": "https://www.dofus.com/fr/mmorpg/encyclopedie/ressources/11107-bois-tremble",
        "ankamaId": 11107,
        "level": 200,
        "location": [
          "Champs de glace",
          "Forêt des pins perdus",
          "Forêt pétrifiée",
          "Bastion des froides légions",
          "Pied de la Tour de la Clepsydre"
        ]
      },
      {
        "imgUrl": "https://s.ankama.com/www/static.ankama.com/dofus/www/game/items/52/38684.w40h40.png",
        "name": "Bois d'Aquajou",
        "url": "https://www.dofus.com/fr/mmorpg/encyclopedie/ressources/17991-bois-aquajou",
        "ankamaId": 17991,
        "level": 200,
        "location": [
          "Domaine des Trithons",
          "Faille des Trithons",
          "Tréfonds des Trithons",
          "Épaves Silencieuses"
        ]
      }
    ]
  },
  {
    "_id": 11,
    "ankamaId": 11,
    "name": "Forgeron",
    "level": null,
    "imgUrl": "https://s.ankama.com/www/static.ankama.com/dofus/ng/modules/mmorpg/encyclopedia/jobs/assets/images/11.jpg",
    "url": "https://www.dofus.com/fr/mmorpg/encyclopedie/metiers/11-forgeron",
    "description": "Le forgeron peut fabriquer des épées, des pelles, des marteaux, des haches et des dagues.",
    "harvests": []
  },
  {
    "_id": 13,
    "ankamaId": 13,
    "name": "Sculpteur",
    "level": null,
    "imgUrl": "https://s.ankama.com/www/static.ankama.com/dofus/ng/modules/mmorpg/encyclopedia/jobs/assets/images/13.jpg",
    "url": "https://www.dofus.com/fr/mmorpg/encyclopedie/metiers/13-sculpteur",
    "description": "Le sculpteur fabrique des baguettes, des arcs et des bâtons.",
    "harvests": []
  },
  {
    "_id": 15,
    "ankamaId": 15,
    "name": "Cordonnier",
    "level": null,
    "imgUrl": "https://s.ankama.com/www/static.ankama.com/dofus/ng/modules/mmorpg/encyclopedia/jobs/assets/images/15.jpg",
    "url": "https://www.dofus.com/fr/mmorpg/encyclopedie/metiers/15-cordonnier",
    "description": "Le cordonnier fabrique des bottes et des ceintures.",
    "harvests": []
  },
  {
    "_id": 16,
    "ankamaId": 16,
    "name": "Bijoutier",
    "level": null,
    "imgUrl": "https://s.ankama.com/www/static.ankama.com/dofus/ng/modules/mmorpg/encyclopedia/jobs/assets/images/16.jpg",
    "url": "https://www.dofus.com/fr/mmorpg/encyclopedie/metiers/16-bijoutier",
    "description": "Le bijoutier confectionne des anneaux et des amulettes.",
    "harvests": []
  },
  {
    "_id": 24,
    "ankamaId": 24,
    "name": "Mineur",
    "level": null,
    "imgUrl": "https://s.ankama.com/www/static.ankama.com/dofus/ng/modules/mmorpg/encyclopedia/jobs/assets/images/24.jpg",
    "url": "https://www.dofus.com/fr/mmorpg/encyclopedie/metiers/24-mineur",
    "description": "Le mineur récolte les filons de minerais. Il peut également fabriquer des alliages et polir des pierres.",
    "harvests": [
      {
        "imgUrl": "https://s.ankama.com/www/static.ankama.com/dofus/www/game/items/52/39024.w40h40.png",
        "name": "Fer",
        "url": "https://www.dofus.com/fr/mmorpg/encyclopedie/ressources/312-fer",
        "ankamaId": 312,
        "level": 1,
        "location": [
          "Montagne des Craqueleurs",
          "Territoire des Porcos",
          "Souterrains",
          "Massif de Cania",
          "Lac de Cania",
          "Village des Dopeuls",
          "Égouts de Brâkmar",
          "Carrière d'Astrub",
          "Souterrains d'Astrub",
          "Forêt Sombre",
          "Labyrinthe du Dragon Cochon",
          "Routes Rocailleuses",
          "Mine",
          "Village des Kanigs"
        ]
      },
      {
        "imgUrl": "https://s.ankama.com/www/static.ankama.com/dofus/www/game/items/52/39108.w40h40.png",
        "name": "Cuivre",
        "url": "https://www.dofus.com/fr/mmorpg/encyclopedie/ressources/441-cuivre",
        "ankamaId": 441,
        "level": 20,
        "location": [
          "Montagne des Craqueleurs",
          "Forêt maléfique",
          "Territoire des Porcos",
          "Souterrains",
          "Massif de Cania",
          "Lac de Cania",
          "Village des Dopeuls",
          "Égouts de Brâkmar",
          "Carrière d'Astrub",
          "Souterrains d'Astrub",
          "Île de la Cawotte",
          "Îlot de la Couronne",
          "Forêt Sombre",
          "Orée de la forêt des Abraknydes",
          "Labyrinthe du Dragon Cochon",
          "Pics de Cania",
          "Routes Rocailleuses",
          "Laboratoires abandonnés",
          "Tunnel de Kartonpath",
          "Salles des Embruns",
          "Village des Kanigs",
          "Mine des Dopeuls",
          "Galeries abandonnées",
          "Haras de Brâkmar"
        ]
      },
      {
        "imgUrl": "https://s.ankama.com/www/static.ankama.com/dofus/www/game/items/52/39109.w40h40.png",
        "name": "Bronze",
        "url": "https://www.dofus.com/fr/mmorpg/encyclopedie/ressources/442-bronze",
        "ankamaId": 442,
        "level": 40,
        "location": [
          "Campement des Bworks",
          "Forêt maléfique",
          "Territoire des Porcos",
          "Souterrains",
          "Lac de Cania",
          "Désolation de Sidimote",
          "Village des Dopeuls",
          "Plaines Rocheuses",
          "Égouts de Brâkmar",
          "Carrière d'Astrub",
          "Souterrains d'Astrub",
          "Orée de la forêt des Abraknydes",
          "Campement des Gobelins",
          "Routes Rocailleuses",
          "Donjon des Forgerons",
          "Tunnel de Kartonpath",
          "Village des Kanigs",
          "Mine des Dopeuls",
          "Haras de Brâkmar",
          "Forge du Volcan"
        ]
      },
      {
        "imgUrl": "https://s.ankama.com/www/static.ankama.com/dofus/www/game/items/52/39077.w40h40.png",
        "name": "Kobalte",
        "url": "https://www.dofus.com/fr/mmorpg/encyclopedie/ressources/443-kobalte",
        "ankamaId": 443,
        "level": 60,
        "location": [
          "Montagne des Craqueleurs",
          "Campement des Bworks",
          "Territoire des Porcos",
          "Souterrains",
          "Massif de Cania",
          "Lac de Cania",
          "Désolation de Sidimote",
          "Village des Dopeuls",
          "Plaines Rocheuses",
          "Égouts de Brâkmar",
          "Carrière d'Astrub",
          "Île de la Cawotte",
          "Îlot de la Couronne",
          "Orée de la forêt des Abraknydes",
          "Vallée de la Morh'Kitu",
          "Routes Rocailleuses",
          "Territoire souterrain des Porcos",
          "Laboratoires abandonnés",
          "Tunnel de Kartonpath",
          "Salles des Embruns",
          "Village des Kanigs",
          "Mine des Dopeuls",
          "Galeries abandonnées",
          "Forge du Volcan"
        ]
      },
      {
        "imgUrl": "https://s.ankama.com/www/static.ankama.com/dofus/www/game/items/52/39397.w40h40.png",
        "name": "Manganèse",
        "url": "https://www.dofus.com/fr/mmorpg/encyclopedie/ressources/445-manganese",
        "ankamaId": 445,
        "level": 80,
        "location": [
          "Montagne des Craqueleurs",
          "Forêt d'Amakna",
          "Campement des Bworks",
          "Forêt maléfique",
          "Souterrains",
          "Bois des Arak-haï",
          "Lac de Cania",
          "Village des Dopeuls",
          "Plaines Rocheuses",
          "Égouts de Brâkmar",
          "Île de la Cawotte",
          "Îlot de la Couronne",
          "Forêt Sombre",
          "Orée de la forêt des Abraknydes",
          "Souterrains du Château d'Amakna",
          "Vallée de la Morh'Kitu",
          "Campement des Gobelins",
          "Pics de Cania",
          "Routes Rocailleuses",
          "Route des Roulottes",
          "Donjon des Forgerons",
          "Forêt enneigée",
          "Territoire souterrain des Porcos",
          "Laboratoires abandonnés",
          "Tunnel de Kartonpath",
          "Mine des Dopeuls",
          "Galeries abandonnées"
        ]
      },
      {
        "imgUrl": "https://s.ankama.com/www/static.ankama.com/dofus/www/game/items/52/39078.w40h40.png",
        "name": "Etain",
        "url": "https://www.dofus.com/fr/mmorpg/encyclopedie/ressources/444-etain",
        "ankamaId": 444,
        "level": 100,
        "location": [
          "Campement des Bworks",
          "Territoire des Porcos",
          "Bois des Arak-haï",
          "Village des Dopeuls",
          "Carrière d'Astrub",
          "Souterrains d'Astrub",
          "Forêt Sombre",
          "Orée de la forêt des Abraknydes",
          "Souterrains du Château d'Amakna",
          "Vallée de la Morh'Kitu",
          "Campement des Gobelins",
          "Pics de Cania",
          "Hauts des Hurlements",
          "Routes Rocailleuses",
          "Route des Roulottes",
          "Forêt des pins perdus",
          "Forêt enneigée"
        ]
      },
      {
        "imgUrl": "https://s.ankama.com/www/static.ankama.com/dofus/www/game/items/52/39111.w40h40.png",
        "name": "Silicate",
        "url": "https://www.dofus.com/fr/mmorpg/encyclopedie/ressources/7032-silicate",
        "ankamaId": 7032,
        "level": 100,
        "location": [
          "Souterrains d'Astrub",
          "Bordure de Feudala",
          "Village de Feudala",
          "Caverne des Bulbes",
          "Donjon des Kitsounes",
          "Donjon des Firefoux",
          "Salles des Courants"
        ]
      },
      {
        "imgUrl": "https://s.ankama.com/www/static.ankama.com/dofus/www/game/items/52/39028.w40h40.png",
        "name": "Argent",
        "url": "https://www.dofus.com/fr/mmorpg/encyclopedie/ressources/350-argent",
        "ankamaId": 350,
        "level": 120,
        "location": [
          "Montagne des Craqueleurs",
          "Campement des Bworks",
          "Forêt maléfique",
          "Souterrains",
          "Bois des Arak-haï",
          "Village des Dopeuls",
          "Gisgoul",
          "Île de la Cawotte",
          "Îlot de la Couronne",
          "Campement des Gobelins",
          "Sous-sol de la Bibliothèque",
          "Routes Rocailleuses",
          "Donjon des Forgerons",
          "Crocs de verre",
          "Village des Kanigs",
          "Dunes des ossements"
        ]
      },
      {
        "imgUrl": "https://s.ankama.com/www/static.ankama.com/dofus/www/game/items/52/39076.w40h40.png",
        "name": "Bauxite",
        "url": "https://www.dofus.com/fr/mmorpg/encyclopedie/ressources/446-bauxite",
        "ankamaId": 446,
        "level": 140,
        "location": [
          "Campement des Bworks",
          "Souterrains",
          "Gisgoul",
          "Campement des Gobelins",
          "Routes Rocailleuses",
          "Forêt des pins perdus",
          "Crocs de verre",
          "Berceau d'Alma",
          "Forêt enneigée",
          "Village des Kanigs",
          "Dunes des ossements",
          "Territoire Cacterre"
        ]
      },
      {
        "imgUrl": "https://s.ankama.com/www/static.ankama.com/dofus/www/game/items/52/39022.w40h40.png",
        "name": "Or",
        "url": "https://www.dofus.com/fr/mmorpg/encyclopedie/ressources/313-or",
        "ankamaId": 313,
        "level": 160,
        "location": [
          "Campement des Bworks",
          "Forêt maléfique",
          "Souterrains",
          "Village des Dopeuls",
          "Plaines Rocheuses",
          "Souterrains du Château d'Amakna",
          "Campement des Gobelins",
          "Forêt des pins perdus",
          "Forêt enneigée",
          "Tunnel de Kartonpath",
          "Village des Kanigs",
          "Territoire Cacterre",
          "Royaume des Martegel"
        ]
      },
      {
        "imgUrl": "https://s.ankama.com/www/static.ankama.com/dofus/www/game/items/52/39110.w40h40.png",
        "name": "Dolomite",
        "url": "https://www.dofus.com/fr/mmorpg/encyclopedie/ressources/7033-dolomite",
        "ankamaId": 7033,
        "level": 180,
        "location": [
          "Bordure de Feudala",
          "Village de Feudala",
          "Donjon des Kitsounes",
          "Donjon des Firefoux",
          "Salles des Courants",
          "Royaume des Martegel"
        ]
      },
      {
        "imgUrl": "https://s.ankama.com/www/static.ankama.com/dofus/www/game/items/52/39112.w40h40.png",
        "name": "Obsidienne",
        "url": "https://www.dofus.com/fr/mmorpg/encyclopedie/ressources/11110-obsidienne",
        "ankamaId": 11110,
        "level": 200,
        "location": [
          "Forêt des pins perdus",
          "Berceau d'Alma",
          "Larmes d'Ouronigride",
          "Forêt enneigée",
          "Royaume des Martegel"
        ]
      },
      {
        "imgUrl": "https://s.ankama.com/www/static.ankama.com/dofus/www/game/items/52/39399.w40h40.png",
        "name": "Écume de mer",
        "url": "https://www.dofus.com/fr/mmorpg/encyclopedie/ressources/17995-ecume-mer",
        "ankamaId": 17995,
        "level": 200,
        "location": [
          "Plateau de R'lyugluglu",
          "Fosse de R'lyugluglu",
          "Abîme de R'lyugluglu"
        ]
      }
    ]
  },
  {
    "_id": 26,
    "ankamaId": 26,
    "name": "Alchimiste",
    "level": null,
    "imgUrl": "https://s.ankama.com/www/static.ankama.com/dofus/ng/modules/mmorpg/encyclopedia/jobs/assets/images/26.jpg",
    "url": "https://www.dofus.com/fr/mmorpg/encyclopedie/metiers/26-alchimiste",
    "description": "L'alchimiste cueille des plantes qui peuvent être utilisées pour fabriquer des potions permettant de regagner des points de vie, de l'énergie ou de se téléporter.",
    "harvests": [
      {
        "imgUrl": "https://s.ankama.com/www/static.ankama.com/dofus/www/game/items/52/36642.w40h40.png",
        "name": "Ortie",
        "url": "https://www.dofus.com/fr/mmorpg/encyclopedie/ressources/421-ortie",
        "ankamaId": 421,
        "level": 1,
        "location": [
          "Port de Madrestam",
          "Montagne des Craqueleurs",
          "Champ des Ingalsse",
          "Forêt d'Amakna",
          "Coin des Bouftous",
          "Cimetière",
          "Village d'Amakna",
          "Péninsule des gelées",
          "Bord de la forêt maléfique",
          "Tainéla",
          "Bois des Arak-haï",
          "Fortification de Bonta",
          "Quartier des Bûcherons",
          "Massif de Cania",
          "Lac de Cania",
          "Village des Dopeuls",
          "Champs de Cania",
          "Bois de Litneg",
          "Plaines Rocheuses",
          "Cité d'Astrub",
          "Carrière d'Astrub",
          "Forêt d'Astrub",
          "Champs d'Astrub",
          "Territoire des Bandits",
          "Île de la Cawotte",
          "Îlot de Waldo",
          "Îlot des Tombeaux",
          "Îlot de la Couronne",
          "Orée de la forêt des Abraknydes",
          "Plaine des Scarafeuilles",
          "Prairies d'Astrub",
          "Plaine des Porkass",
          "Village des Eleveurs",
          "Lacs enchantés",
          "Territoire des Dragodindes Sauvages",
          "Canyon sauvage",
          "Pâturages de Bonta",
          "Lac",
          "Forêt",
          "Champs",
          "Pâturages",
          "Cimetière",
          "Route des âmes",
          "Plaines herbeuses",
          "Rivière Kawaii",
          "Montagne basse des Craqueleurs",
          "Clairière de Brouce Boulgoure",
          "Millifutaie",
          "Campagne d'Amakna",
          "Rivage sufokien",
          "Landes de Cania",
          "Pics de Cania",
          "Hauts des Hurlements",
          "Routes Rocailleuses"
        ]
      },
      {
        "imgUrl": "https://s.ankama.com/www/static.ankama.com/dofus/www/game/items/52/36643.w40h40.png",
        "name": "Sauge",
        "url": "https://www.dofus.com/fr/mmorpg/encyclopedie/ressources/428-sauge",
        "ankamaId": 428,
        "level": 20,
        "location": [
          "Montagne des Craqueleurs",
          "Champ des Ingalsse",
          "Forêt d'Amakna",
          "Coin des Bouftous",
          "Village d'Amakna",
          "Bord de la forêt maléfique",
          "Presqu'île des Dragoeufs",
          "Tainéla",
          "Bois des Arak-haï",
          "Fortification de Bonta",
          "Massif de Cania",
          "Pénates du Corbac",
          "Lac de Cania",
          "Cimetière des Héros",
          "Champs de Cania",
          "Bois de Litneg",
          "Plaines Rocheuses",
          "Cité d'Astrub",
          "Carrière d'Astrub",
          "Forêt d'Astrub",
          "Champs d'Astrub",
          "Territoire des Bandits",
          "Île de la Cawotte",
          "Orée de la forêt des Abraknydes",
          "Plaine des Scarafeuilles",
          "Prairies d'Astrub",
          "Plaine des Porkass",
          "Château d'Amakna",
          "Village des Eleveurs",
          "Lacs enchantés",
          "Forêt de Kaliptus",
          "Territoire des Dragodindes Sauvages",
          "Canyon sauvage",
          "Pâturages de Bonta",
          "Plaines herbeuses",
          "Montagne basse des Craqueleurs",
          "Millifutaie",
          "Campagne d'Amakna",
          "Landes de Cania",
          "Dents de Pierre",
          "Pics de Cania",
          "Cirque de Cania",
          "Routes Rocailleuses",
          "Village des Kanigs"
        ]
      },
      {
        "imgUrl": "https://s.ankama.com/www/static.ankama.com/dofus/www/game/items/52/36067.w40h40.png",
        "name": "Trèfle à 5 feuilles",
        "url": "https://www.dofus.com/fr/mmorpg/encyclopedie/ressources/395-trefle-5-feuilles",
        "ankamaId": 395,
        "level": 40,
        "location": [
          "Port de Madrestam",
          "Montagne des Craqueleurs",
          "Champ des Ingalsse",
          "Forêt d'Amakna",
          "Coin des Bouftous",
          "Campement des Bworks",
          "Forêt maléfique",
          "Village d'Amakna",
          "Péninsule des gelées",
          "Bord de la forêt maléfique",
          "Presqu'île des Dragoeufs",
          "Souterrains",
          "Tainéla",
          "Bois des Arak-haï",
          "Massif de Cania",
          "Lac de Cania",
          "Cimetière des Héros",
          "Village des Dopeuls",
          "Champs de Cania",
          "Bois de Litneg",
          "Égouts de Brâkmar",
          "Cité d'Astrub",
          "Carrière d'Astrub",
          "Forêt d'Astrub",
          "Champs d'Astrub",
          "Territoire des Bandits",
          "Île de la Cawotte",
          "Îlot de la Couronne",
          "Forêt Sombre",
          "Orée de la forêt des Abraknydes",
          "Plaine des Scarafeuilles",
          "Prairies d'Astrub",
          "Plaine des Porkass",
          "Château d'Amakna",
          "Forêt de Kaliptus",
          "Territoire des Dragodindes Sauvages",
          "Campement des Gobelins",
          "Village des Dragoeufs",
          "Baie de Cania",
          "Rivière Kawaii",
          "Montagne basse des Craqueleurs",
          "Clairière de Brouce Boulgoure",
          "Millifutaie",
          "Campagne d'Amakna",
          "Rivage sufokien",
          "Landes de Cania",
          "Pics de Cania",
          "Hauts des Hurlements",
          "Routes Rocailleuses",
          "Tunnel de Kartonpath",
          "Mine des Dopeuls"
        ]
      },
      {
        "imgUrl": "https://s.ankama.com/www/static.ankama.com/dofus/www/game/items/52/36052.w40h40.png",
        "name": "Menthe Sauvage",
        "url": "https://www.dofus.com/fr/mmorpg/encyclopedie/ressources/380-menthe-sauvage",
        "ankamaId": 380,
        "level": 60,
        "location": [
          "Montagne des Craqueleurs",
          "Champ des Ingalsse",
          "Forêt d'Amakna",
          "Coin des Bouftous",
          "Cimetière",
          "Cryptes du cimetière",
          "Campement des Bworks",
          "Forêt maléfique",
          "Village d'Amakna",
          "Péninsule des gelées",
          "Bord de la forêt maléfique",
          "Presqu'île des Dragoeufs",
          "Tainéla",
          "Bois des Arak-haï",
          "Fortification de Bonta",
          "Lac de Cania",
          "Cimetière des Héros",
          "Village des Dopeuls",
          "Champs de Cania",
          "Égouts de Brâkmar",
          "Cité d'Astrub",
          "Carrière d'Astrub",
          "Forêt d'Astrub",
          "Champs d'Astrub",
          "Territoire des Bandits",
          "Île de la Cawotte",
          "Îlot de Waldo",
          "Îlot des Tombeaux",
          "Îlot de la Couronne",
          "Forêt Sombre",
          "Orée de la forêt des Abraknydes",
          "Plaine des Scarafeuilles",
          "Prairies d'Astrub",
          "Plaine des Porkass",
          "Forêt de Kaliptus",
          "Territoire des Dragodindes Sauvages",
          "Pitons Rocheux des Craqueleurs",
          "Vallée de la Morh'Kitu",
          "Campement des Gobelins",
          "Village des Bworks",
          "Village des Dragoeufs",
          "Plaines herbeuses",
          "Montagne basse des Craqueleurs",
          "Clairière de Brouce Boulgoure",
          "Campagne d'Amakna",
          "Landes de Cania",
          "Pics de Cania",
          "Routes Rocailleuses",
          "Tunnel de Kartonpath",
          "Salles des Courants",
          "Mine des Dopeuls"
        ]
      },
      {
        "imgUrl": "https://s.ankama.com/www/static.ankama.com/dofus/www/game/items/52/35192.w40h40.png",
        "name": "Orchidée Freyesque",
        "url": "https://www.dofus.com/fr/mmorpg/encyclopedie/ressources/593-orchidee-freyesque",
        "ankamaId": 593,
        "level": 80,
        "location": [
          "Montagne des Craqueleurs",
          "Forêt d'Amakna",
          "Cimetière",
          "Cryptes du cimetière",
          "Campement des Bworks",
          "Forêt maléfique",
          "Village d'Amakna",
          "Bord de la forêt maléfique",
          "Presqu'île des Dragoeufs",
          "Tainéla",
          "Marécages d'Amakna",
          "Bois des Arak-haï",
          "Lac de Cania",
          "Village des Dopeuls",
          "Forêt d'Astrub",
          "Territoire des Bandits",
          "Îlot des Tombeaux",
          "Îlot de la Couronne",
          "Forêt Sombre",
          "Orée de la forêt des Abraknydes",
          "Plaine des Scarafeuilles",
          "Château d'Amakna",
          "Village des Eleveurs",
          "Lacs enchantés",
          "Forêt de Kaliptus",
          "Territoire des Dragodindes Sauvages",
          "Canyon sauvage",
          "Campement des Gobelins",
          "Village des Dragoeufs",
          "Plaines herbeuses",
          "Rivière Kawaii",
          "Rivage sufokien",
          "Landes de Cania",
          "Dents de Pierre",
          "Pics de Cania",
          "Routes Rocailleuses",
          "Tunnel de Kartonpath",
          "Salles des Courants",
          "Village des Kanigs",
          "Mine des Dopeuls"
        ]
      },
      {
        "imgUrl": "https://s.ankama.com/www/static.ankama.com/dofus/www/game/items/52/35191.w40h40.png",
        "name": "Edelweiss",
        "url": "https://www.dofus.com/fr/mmorpg/encyclopedie/ressources/594-edelweiss",
        "ankamaId": 594,
        "level": 100,
        "location": [
          "Port de Madrestam",
          "Montagne des Craqueleurs",
          "Campement des Bworks",
          "Forêt maléfique",
          "Village d'Amakna",
          "Territoire des Porcos",
          "Presqu'île des Dragoeufs",
          "Souterrains",
          "Bois des Arak-haï",
          "Lac de Cania",
          "Village des Dopeuls",
          "Égouts de Brâkmar",
          "Cité d'Astrub",
          "Champs d'Astrub",
          "Territoire des Bandits",
          "Îlot de Waldo",
          "Forêt Sombre",
          "Orée de la forêt des Abraknydes",
          "Prairies d'Astrub",
          "Plaine des Porkass",
          "Château d'Amakna",
          "Village des Eleveurs",
          "Cimetière primitif",
          "Pitons Rocheux des Craqueleurs",
          "Campement des Gobelins",
          "Village des Bworks",
          "Village des Dragoeufs",
          "Havre de Nowel",
          "Rivière Kawaii",
          "Montagne basse des Craqueleurs",
          "Routes Rocailleuses",
          "La Bourgade",
          "Champs de glace",
          "Forêt des pins perdus",
          "Lac gelé",
          "Plaine de Sakaï",
          "Terre de Nowel",
          "Jardins d’Hiver",
          "Pied de la Tour de la Clepsydre",
          "Tunnel de Kartonpath",
          "Salles des Courants",
          "Mine des Dopeuls"
        ]
      },
      {
        "imgUrl": "https://s.ankama.com/www/static.ankama.com/dofus/www/game/items/52/58067.w40h40.png",
        "name": "Graine de Pandouille",
        "url": "https://www.dofus.com/fr/mmorpg/encyclopedie/ressources/7059-graine-pandouille",
        "ankamaId": 7059,
        "level": 120,
        "location": [
          "Pandala Neutre",
          "Bordure d'Akwadala",
          "Bordure de Terrdala",
          "Village de Terrdala",
          "Repaire des Pandikazes",
          "Donjon des Kitsounes",
          "Île de Grobe",
          "Forêt de Pandala",
          "Pont de Grobe",
          "Repaire de Daïgoro"
        ]
      },
      {
        "imgUrl": "https://s.ankama.com/www/static.ankama.com/dofus/www/game/items/52/36644.w40h40.png",
        "name": "Ginseng",
        "url": "https://www.dofus.com/fr/mmorpg/encyclopedie/ressources/16385-ginseng",
        "ankamaId": 16385,
        "level": 140,
        "location": [
          "Plage de la Tortue",
          "Île de Grobe",
          "Jungle Interdite",
          "Forêt des Masques",
          "Chemin du Crâne",
          "Jungle obscure",
          "Feuillage de l'arbre Hakam",
          "Pont de Grobe",
          "Landes de Cania",
          "Dents de Pierre",
          "Village enseveli",
          "Forêt des pins perdus",
          "Forêt pétrifiée",
          "Mont Torrideau",
          "Clairière du Chêne Mou",
          "Village des Kanigs"
        ]
      },
      {
        "imgUrl": "https://s.ankama.com/www/static.ankama.com/dofus/www/game/items/52/35638.w40h40.png",
        "name": "Belladone",
        "url": "https://www.dofus.com/fr/mmorpg/encyclopedie/ressources/16387-belladone",
        "ankamaId": 16387,
        "level": 160,
        "location": [
          "Plage de Corail",
          "Plaines herbeuses",
          "Jungle obscure",
          "Tourbière sans fond",
          "Village des éleveurs",
          "Village côtier",
          "Feuillage de l'arbre Hakam"
        ]
      },
      {
        "imgUrl": "https://s.ankama.com/www/static.ankama.com/dofus/www/game/items/52/36645.w40h40.png",
        "name": "Mandragore",
        "url": "https://www.dofus.com/fr/mmorpg/encyclopedie/ressources/16389-mandragore",
        "ankamaId": 16389,
        "level": 180,
        "location": [
          "Cimetière",
          "Cryptes du cimetière",
          "Cimetière des Héros",
          "Cimetière des Torturés",
          "Île du Minotoror",
          "Cimetière primitif",
          "Cimetière de l'île d'Otomaï",
          "Cimetière du village des Zoths",
          "Donjon des Squelettes"
        ]
      },
      {
        "imgUrl": "https://s.ankama.com/www/static.ankama.com/dofus/www/game/items/52/35635.w40h40.png",
        "name": "Perce-Neige",
        "url": "https://www.dofus.com/fr/mmorpg/encyclopedie/ressources/11102-perce-neige",
        "ankamaId": 11102,
        "level": 200,
        "location": [
          "Havre de Nowel",
          "Champs de glace",
          "Forêt des pins perdus",
          "Forêt pétrifiée",
          "Crevasse Perge",
          "Lac gelé",
          "Entrée du château de Harebourg",
          "Terre de Nowel",
          "Taïga de Nowel",
          "Bastion des froides légions",
          "Pied de la Tour de la Clepsydre"
        ]
      },
      {
        "imgUrl": "https://s.ankama.com/www/static.ankama.com/dofus/www/game/items/52/36653.w40h40.png",
        "name": "Salikrone",
        "url": "https://www.dofus.com/fr/mmorpg/encyclopedie/ressources/17992-salikrone",
        "ankamaId": 17992,
        "level": 200,
        "location": [
          "Ville submergée",
          "Ancienne Sufokia",
          "Domaine des Trithons",
          "Faille des Trithons",
          "Plateau de R'lyugluglu",
          "Fosse de R'lyugluglu",
          "Épaves Silencieuses",
          "Crocuzko"
        ]
      }
    ]
  },
  {
    "_id": 27,
    "ankamaId": 27,
    "name": "Tailleur",
    "level": null,
    "imgUrl": "https://s.ankama.com/www/static.ankama.com/dofus/ng/modules/mmorpg/encyclopedia/jobs/assets/images/27.jpg",
    "url": "https://www.dofus.com/fr/mmorpg/encyclopedie/metiers/27-tailleur",
    "description": "Le tailleur confectionne des capes, des chapeaux et des sacs à dos.",
    "harvests": []
  },
  {
    "_id": 28,
    "ankamaId": 28,
    "name": "Paysan",
    "level": null,
    "imgUrl": "https://s.ankama.com/www/static.ankama.com/dofus/ng/modules/mmorpg/encyclopedia/jobs/assets/images/28.jpg",
    "url": "https://www.dofus.com/fr/mmorpg/encyclopedie/metiers/28-paysan",
    "description": "Le paysan récolte les céréales et peut fabriquer du pain qui permet de récupérer des points de vie ou de l'énergie.",
    "harvests": [
      {
        "imgUrl": "https://s.ankama.com/www/static.ankama.com/dofus/www/game/items/52/34009.w40h40.png",
        "name": "Blé",
        "url": "https://www.dofus.com/fr/mmorpg/encyclopedie/ressources/289-ble",
        "ankamaId": 289,
        "level": 1,
        "location": [
          "Champ des Ingalsse",
          "Forêt d'Amakna",
          "Coin des Bouftous",
          "Bois des Arak-haï",
          "Champs de Cania",
          "Cité d'Astrub",
          "Champs d'Astrub",
          "Territoire des Bandits",
          "Plaine des Scarafeuilles",
          "Prairies d'Astrub",
          "Grange du Tournesol Affamé",
          "Champs",
          "Pâturages",
          "Route des âmes",
          "Clairière de Brouce Boulgoure",
          "Millifutaie",
          "Campagne d'Amakna"
        ]
      },
      {
        "imgUrl": "https://s.ankama.com/www/static.ankama.com/dofus/www/game/items/52/34082.w40h40.png",
        "name": "Orge",
        "url": "https://www.dofus.com/fr/mmorpg/encyclopedie/ressources/400-orge",
        "ankamaId": 400,
        "level": 20,
        "location": [
          "Champ des Ingalsse",
          "Forêt d'Amakna",
          "Bois des Arak-haï",
          "Champs de Cania",
          "Champs d'Astrub",
          "Territoire des Bandits",
          "Plaine des Scarafeuilles",
          "Grange du Tournesol Affamé"
        ]
      },
      {
        "imgUrl": "https://s.ankama.com/www/static.ankama.com/dofus/www/game/items/52/34154.w40h40.png",
        "name": "Avoine",
        "url": "https://www.dofus.com/fr/mmorpg/encyclopedie/ressources/533-avoine",
        "ankamaId": 533,
        "level": 40,
        "location": [
          "Champ des Ingalsse",
          "Champs de Cania",
          "Cité d'Astrub",
          "Champs d'Astrub",
          "Plaine des Scarafeuilles",
          "Grange du Tournesol Affamé",
          "Landes de Cania",
          "Dents de Pierre"
        ]
      },
      {
        "imgUrl": "https://s.ankama.com/www/static.ankama.com/dofus/www/game/items/52/34080.w40h40.png",
        "name": "Houblon",
        "url": "https://www.dofus.com/fr/mmorpg/encyclopedie/ressources/401-houblon",
        "ankamaId": 401,
        "level": 60,
        "location": [
          "Champ des Ingalsse",
          "Coin des Bouftous",
          "Champs de Cania",
          "Champs d'Astrub",
          "Plaine des Scarafeuilles",
          "Grange du Tournesol Affamé"
        ]
      },
      {
        "imgUrl": "https://s.ankama.com/www/static.ankama.com/dofus/www/game/items/52/34122.w40h40.png",
        "name": "Lin",
        "url": "https://www.dofus.com/fr/mmorpg/encyclopedie/ressources/423-lin",
        "ankamaId": 423,
        "level": 80,
        "location": [
          "Champ des Ingalsse",
          "Champs de Cania",
          "Champs d'Astrub",
          "Plaine des Scarafeuilles",
          "Landes de Cania"
        ]
      },
      {
        "imgUrl": "https://s.ankama.com/www/static.ankama.com/dofus/www/game/items/52/34082.w40h40.png",
        "name": "Seigle",
        "url": "https://www.dofus.com/fr/mmorpg/encyclopedie/ressources/532-seigle",
        "ankamaId": 532,
        "level": 100,
        "location": [
          "Champ des Ingalsse",
          "Champs de Cania",
          "Champs d'Astrub",
          "Plaine des Scarafeuilles",
          "Grange du Tournesol Affamé"
        ]
      },
      {
        "imgUrl": "https://s.ankama.com/www/static.ankama.com/dofus/www/game/items/52/34010.w40h40.png",
        "name": "Riz",
        "url": "https://www.dofus.com/fr/mmorpg/encyclopedie/ressources/7018-riz",
        "ankamaId": 7018,
        "level": 100,
        "location": [
          "Bordure d'Akwadala",
          "Village d'Akwadala",
          "Caverne des Bulbes"
        ]
      },
      {
        "imgUrl": "https://s.ankama.com/www/static.ankama.com/dofus/www/game/items/52/34083.w40h40.png",
        "name": "Malt",
        "url": "https://www.dofus.com/fr/mmorpg/encyclopedie/ressources/405-malt",
        "ankamaId": 405,
        "level": 120,
        "location": [
          "Champ des Ingalsse",
          "Champs de Cania",
          "Plaine des Scarafeuilles",
          "Grange du Tournesol Affamé",
          "Rivage sufokien",
          "Landes de Cania"
        ]
      },
      {
        "imgUrl": "https://s.ankama.com/www/static.ankama.com/dofus/www/game/items/52/34121.w40h40.png",
        "name": "Chanvre",
        "url": "https://www.dofus.com/fr/mmorpg/encyclopedie/ressources/425-chanvre",
        "ankamaId": 425,
        "level": 140,
        "location": [
          "Champ des Ingalsse",
          "Village d'Amakna",
          "Champs de Cania",
          "Champs d'Astrub",
          "Territoire des Bandits",
          "Plaine des Scarafeuilles",
          "Grange du Tournesol Affamé"
        ]
      },
      {
        "imgUrl": "https://s.ankama.com/www/static.ankama.com/dofus/www/game/items/52/34554.w40h40.png",
        "name": "Maïs",
        "url": "https://www.dofus.com/fr/mmorpg/encyclopedie/ressources/16454-mais",
        "ankamaId": 16454,
        "level": 160,
        "location": [
          "Plaines herbeuses"
        ]
      },
      {
        "imgUrl": "https://s.ankama.com/www/static.ankama.com/dofus/www/game/items/52/34555.w40h40.png",
        "name": "Millet",
        "url": "https://www.dofus.com/fr/mmorpg/encyclopedie/ressources/16456-millet",
        "ankamaId": 16456,
        "level": 180,
        "location": [
          "Dents de Pierre",
          "Village des Kanigs"
        ]
      },
      {
        "imgUrl": "https://s.ankama.com/www/static.ankama.com/dofus/www/game/items/52/34552.w40h40.png",
        "name": "Frostiz",
        "url": "https://www.dofus.com/fr/mmorpg/encyclopedie/ressources/11109-frostiz",
        "ankamaId": 11109,
        "level": 200,
        "location": [
          "Champs de glace"
        ]
      },
      {
        "imgUrl": "https://s.ankama.com/www/static.ankama.com/dofus/www/game/items/52/34560.w40h40.png",
        "name": "Quisnoa",
        "url": "https://www.dofus.com/fr/mmorpg/encyclopedie/ressources/17993-quisnoa",
        "ankamaId": 17993,
        "level": 200,
        "location": [
          "Ville submergée",
          "Ancienne Sufokia",
          "Vestiges engloutis",
          "Épaves Silencieuses",
          "Crocuzko"
        ]
      }
    ]
  },
  {
    "_id": 36,
    "ankamaId": 36,
    "name": "Pêcheur",
    "level": null,
    "imgUrl": "https://s.ankama.com/www/static.ankama.com/dofus/ng/modules/mmorpg/encyclopedia/jobs/assets/images/36.jpg",
    "url": "https://www.dofus.com/fr/mmorpg/encyclopedie/metiers/36-pecheur",
    "description": "Le pêcheur pêche les poissons qui peuvent être préparés pour permettre de regagner des points de vie ou de l'énergie.",
    "harvests": [
      {
        "imgUrl": "https://s.ankama.com/www/static.ankama.com/dofus/www/game/items/52/41294.w40h40.png",
        "name": "Goujon",
        "url": "https://www.dofus.com/fr/mmorpg/encyclopedie/ressources/1782-goujon",
        "ankamaId": 1782,
        "level": 1,
        "location": [
          "Port de Madrestam",
          "Montagne des Craqueleurs",
          "Champ des Ingalsse",
          "Forêt d'Amakna",
          "Village d'Amakna",
          "Territoire des Porcos",
          "Péninsule des gelées",
          "Presqu'île des Dragoeufs",
          "Côte d'Asse",
          "Marécages d'Amakna",
          "Lac de Cania",
          "Égouts de Bonta",
          "Égouts de Brâkmar",
          "Cité d'Astrub",
          "Carrière d'Astrub",
          "Champs d'Astrub",
          "Souterrains d'Astrub",
          "Égouts d'Astrub",
          "Territoire des Bandits",
          "Orée de la forêt des Abraknydes",
          "Plaine des Scarafeuilles",
          "Prairies d'Astrub",
          "Coin des Boos",
          "Souterrains du Château d'Amakna",
          "Lacs enchantés",
          "Marécages nauséabonds",
          "Marécages sans fond",
          "Lac",
          "Rivière Kawaii",
          "Montagne basse des Craqueleurs",
          "Campagne d'Amakna",
          "Hauts des Hurlements"
        ]
      },
      {
        "imgUrl": "https://s.ankama.com/www/static.ankama.com/dofus/www/game/items/52/41292.w40h40.png",
        "name": "Greuvette",
        "url": "https://www.dofus.com/fr/mmorpg/encyclopedie/ressources/598-greuvette",
        "ankamaId": 598,
        "level": 10,
        "location": [
          "Port de Madrestam",
          "Péninsule des gelées",
          "Côte d'Asse",
          "Sufokia",
          "Plage de la Tortue",
          "Territoire des Bandits",
          "Bordure d'Akwadala",
          "Pont de Pandala",
          "Île de la Cawotte",
          "Îlot de Waldo",
          "Îlot des Tombeaux",
          "Îlot de la Couronne",
          "Chemin du Crâne",
          "Prairies d'Astrub",
          "Coin des Boos",
          "Château d'Amakna",
          "Havre de Nowel",
          "Calanques d'Astrub",
          "Château Ensablé",
          "Ile des naufragés",
          "Clairière de Brouce Boulgoure",
          "Rivage sufokien",
          "Landes de Cania",
          "Quartier des Pêcheurs",
          "Quartier des Éleveurs",
          "Port de givre",
          "Larmes d'Ouronigride",
          "Temple des alliances",
          "Salles des Embruns",
          "Salles des Courants"
        ]
      },
      {
        "imgUrl": "https://s.ankama.com/www/static.ankama.com/dofus/www/game/items/52/41394.w40h40.png",
        "name": "Truite",
        "url": "https://www.dofus.com/fr/mmorpg/encyclopedie/ressources/1844-truite",
        "ankamaId": 1844,
        "level": 20,
        "location": [
          "Port de Madrestam",
          "Champ des Ingalsse",
          "Forêt d'Amakna",
          "Cimetière",
          "Village d'Amakna",
          "Territoire des Porcos",
          "Péninsule des gelées",
          "Presqu'île des Dragoeufs",
          "Marécages d'Amakna",
          "Lac de Cania",
          "Égouts de Bonta",
          "Égouts de Brâkmar",
          "Cité d'Astrub",
          "Carrière d'Astrub",
          "Champs d'Astrub",
          "Souterrains d'Astrub",
          "Égouts d'Astrub",
          "Territoire des Bandits",
          "Bordure d'Akwadala",
          "Orée de la forêt des Abraknydes",
          "Plaine des Scarafeuilles",
          "Prairies d'Astrub",
          "Coin des Boos",
          "Souterrains du Château d'Amakna",
          "Lacs enchantés",
          "Marécages nauséabonds",
          "Marécages sans fond",
          "Havre de Nowel",
          "Rivière Kawaii",
          "Montagne basse des Craqueleurs",
          "Campagne d'Amakna",
          "Épreuve de Draegnerys"
        ]
      },
      {
        "imgUrl": "https://s.ankama.com/www/static.ankama.com/dofus/www/game/items/52/41273.w40h40.png",
        "name": "Crabe Sourimi",
        "url": "https://www.dofus.com/fr/mmorpg/encyclopedie/ressources/1757-crabe-sourimi",
        "ankamaId": 1757,
        "level": 30,
        "location": [
          "Port de Madrestam",
          "Péninsule des gelées",
          "Côte d'Asse",
          "Sufokia",
          "Plage de la Tortue",
          "Territoire des Bandits",
          "Bordure d'Akwadala",
          "Pont de Pandala",
          "Île de la Cawotte",
          "Îlot de Waldo",
          "Îlot des Tombeaux",
          "Îlot de la Couronne",
          "Chemin du Crâne",
          "Prairies d'Astrub",
          "Coin des Boos",
          "Château d'Amakna",
          "Calanques d'Astrub",
          "Château Ensablé",
          "Ile des naufragés",
          "Clairière de Brouce Boulgoure",
          "Rivage sufokien",
          "Landes de Cania",
          "Route des Roulottes",
          "Quartier des Pêcheurs",
          "Quartier des Éleveurs",
          "Port de givre",
          "Berceau d'Alma",
          "Larmes d'Ouronigride",
          "Village de Vulkania",
          "Forêt d'Etraktopel",
          "Village du Pichon Frétillant",
          "Temple des alliances",
          "Salles des Embruns",
          "Village des Kanigs"
        ]
      },
      {
        "imgUrl": "https://s.ankama.com/www/static.ankama.com/dofus/www/game/items/52/41277.w40h40.png",
        "name": "Poisson-Chaton",
        "url": "https://www.dofus.com/fr/mmorpg/encyclopedie/ressources/603-poisson-chaton",
        "ankamaId": 603,
        "level": 40,
        "location": [
          "Port de Madrestam",
          "Champ des Ingalsse",
          "Forêt d'Amakna",
          "Cimetière",
          "Village d'Amakna",
          "Péninsule des gelées",
          "Marécages d'Amakna",
          "Lac de Cania",
          "Égouts de Bonta",
          "Égouts de Brâkmar",
          "Cité d'Astrub",
          "Champs d'Astrub",
          "Souterrains d'Astrub",
          "Égouts d'Astrub",
          "Territoire des Bandits",
          "Bordure d'Akwadala",
          "Île de Grobe",
          "Orée de la forêt des Abraknydes",
          "Plaine des Scarafeuilles",
          "Prairies d'Astrub",
          "Souterrains du Château d'Amakna",
          "Marécages nauséabonds",
          "Marécages sans fond",
          "Havre de Nowel",
          "Rivière Kawaii",
          "Montagne basse des Craqueleurs"
        ]
      },
      {
        "imgUrl": "https://s.ankama.com/www/static.ankama.com/dofus/www/game/items/52/41269.w40h40.png",
        "name": "Poisson Pané",
        "url": "https://www.dofus.com/fr/mmorpg/encyclopedie/ressources/1750-poisson-pane",
        "ankamaId": 1750,
        "level": 50,
        "location": [
          "Port de Madrestam",
          "Territoire des Porcos",
          "Péninsule des gelées",
          "Presqu'île des Dragoeufs",
          "Côte d'Asse",
          "Sufokia",
          "Plage de la Tortue",
          "Territoire des Bandits",
          "Pandala Neutre",
          "Bordure d'Akwadala",
          "Pont de Pandala",
          "Île de Grobe",
          "Île de la Cawotte",
          "Îlot de Waldo",
          "Îlot des Tombeaux",
          "Îlot de la Couronne",
          "Chemin du Crâne",
          "Prairies d'Astrub",
          "Plaine des Porkass",
          "Coin des Boos",
          "Château d'Amakna",
          "Baie de Cania",
          "Plage de Corail",
          "Village côtier",
          "Clairière de Brouce Boulgoure",
          "Landes de Cania",
          "Dents de Pierre",
          "Route des Roulottes",
          "Port de givre",
          "Berceau d'Alma",
          "Larmes d'Ouronigride",
          "Temple des alliances",
          "Île de Kartonpath",
          "Salles des Embruns",
          "Salles des Courants",
          "Village des Kanigs"
        ]
      },
      {
        "imgUrl": "https://s.ankama.com/www/static.ankama.com/dofus/www/game/items/52/41305.w40h40.png",
        "name": "Carpe d'Iem",
        "url": "https://www.dofus.com/fr/mmorpg/encyclopedie/ressources/1794-carpe-iem",
        "ankamaId": 1794,
        "level": 60,
        "location": [
          "Port de Madrestam",
          "Montagne des Craqueleurs",
          "Champ des Ingalsse",
          "Forêt d'Amakna",
          "Cimetière",
          "Village d'Amakna",
          "Territoire des Porcos",
          "Péninsule des gelées",
          "Presqu'île des Dragoeufs",
          "Lac de Cania",
          "Territoire des Bandits",
          "Pandala Neutre",
          "Bordure d'Akwadala",
          "Orée de la forêt des Abraknydes",
          "Plaine des Scarafeuilles",
          "Souterrains du Château d'Amakna",
          "Lacs enchantés",
          "Village des Dragoeufs",
          "Havre de Nowel",
          "Rivière Kawaii",
          "Montagne basse des Craqueleurs",
          "Campagne d'Amakna",
          "Lac gelé",
          "Village du Pichon Frétillant"
        ]
      },
      {
        "imgUrl": "https://s.ankama.com/www/static.ankama.com/dofus/www/game/items/52/41317.w40h40.png",
        "name": "Sardine Brillante",
        "url": "https://www.dofus.com/fr/mmorpg/encyclopedie/ressources/1805-sardine-brillante",
        "ankamaId": 1805,
        "level": 70,
        "location": [
          "Port de Madrestam",
          "Territoire des Porcos",
          "Presqu'île des Dragoeufs",
          "Sufokia",
          "Plage de la Tortue",
          "Pandala Neutre",
          "Bordure de Feudala",
          "Village d'Aerdala",
          "Île de la Cawotte",
          "Îlot de Waldo",
          "Îlot des Tombeaux",
          "Îlot de la Couronne",
          "Plaine des Porkass",
          "Coin des Boos",
          "Château d'Amakna",
          "Baie de Cania",
          "Plage de Corail",
          "Tourbière sans fond",
          "Village côtier",
          "Tourbière nauséabonde",
          "Landes de Cania",
          "Dents de Pierre",
          "Hauts des Hurlements",
          "Faubourgs de Pandala",
          "Port de givre",
          "Crevasse Perge",
          "Berceau d'Alma",
          "Larmes d'Ouronigride",
          "Village du Pichon Frétillant",
          "Île de Kartonpath",
          "Salles des Embruns",
          "Salles des Courants"
        ]
      },
      {
        "imgUrl": "https://s.ankama.com/www/static.ankama.com/dofus/www/game/items/52/41400.w40h40.png",
        "name": "Brochet",
        "url": "https://www.dofus.com/fr/mmorpg/encyclopedie/ressources/1847-brochet",
        "ankamaId": 1847,
        "level": 80,
        "location": [
          "Territoire des Porcos",
          "Presqu'île des Dragoeufs",
          "Pandala Neutre",
          "Bordure d'Akwadala",
          "Village d'Aerdala",
          "Orée de la forêt des Abraknydes",
          "Lacs enchantés",
          "Village des Dragoeufs",
          "Tourbière sans fond",
          "Tourbière nauséabonde",
          "Hauts des Hurlements",
          "Faubourgs de Pandala",
          "Village du Pichon Frétillant",
          "Ruelles des Eaux-Suaires"
        ]
      },
      {
        "imgUrl": "https://s.ankama.com/www/static.ankama.com/dofus/www/game/items/52/41309.w40h40.png",
        "name": "Kralamoure",
        "url": "https://www.dofus.com/fr/mmorpg/encyclopedie/ressources/600-kralamoure",
        "ankamaId": 600,
        "level": 90,
        "location": [
          "Territoire des Porcos",
          "Plage de la Tortue",
          "Pandala Neutre",
          "Bordure d'Aerdala",
          "Bordure de Terrdala",
          "Village d'Aerdala",
          "Île de Grobe",
          "Île du Minotoror",
          "Baie de Cania",
          "Ile des naufragés",
          "Tourbière sans fond",
          "Tourbière nauséabonde",
          "Pont de Grobe",
          "Dents de Pierre",
          "Port de givre",
          "Berceau d'Alma",
          "Larmes d'Ouronigride",
          "Île de Kartonpath",
          "Salles des Courants"
        ]
      },
      {
        "imgUrl": "https://s.ankama.com/www/static.ankama.com/dofus/www/game/items/52/41407.w40h40.png",
        "name": "Anguille",
        "url": "https://www.dofus.com/fr/mmorpg/encyclopedie/ressources/16461-anguille",
        "ankamaId": 16461,
        "level": 100,
        "location": [
          "Territoire des Porcos",
          "Presqu'île des Dragoeufs",
          "Pandala Neutre",
          "Bordure de Terrdala",
          "Village d'Aerdala",
          "Lacs enchantés",
          "Village des Dragoeufs",
          "Tourbière sans fond",
          "Tourbière nauséabonde",
          "Lac gelé",
          "Ruelles des Eaux-Suaires",
          "Épreuve de Draegnerys"
        ]
      },
      {
        "imgUrl": "https://s.ankama.com/www/static.ankama.com/dofus/www/game/items/52/41409.w40h40.png",
        "name": "Dorade Grise",
        "url": "https://www.dofus.com/fr/mmorpg/encyclopedie/ressources/16463-dorade-grise",
        "ankamaId": 16463,
        "level": 110,
        "location": [
          "Pandala Neutre",
          "Bordure d'Akwadala",
          "Bordure de Feudala",
          "Bordure d'Aerdala",
          "Bordure de Terrdala",
          "Village d'Aerdala",
          "Île de Grobe",
          "Forêt de Pandala",
          "Pont de Grobe",
          "Route des Roulottes",
          "Faubourgs de Pandala",
          "Village du Pichon Frétillant",
          "Salles des Embruns",
          "Salles des Courants"
        ]
      },
      {
        "imgUrl": "https://s.ankama.com/www/static.ankama.com/dofus/www/game/items/52/41313.w40h40.png",
        "name": "Perche",
        "url": "https://www.dofus.com/fr/mmorpg/encyclopedie/ressources/1801-perche",
        "ankamaId": 1801,
        "level": 120,
        "location": [
          "Lac de Cania",
          "Bordure d'Akwadala",
          "Bordure de Terrdala",
          "Village d'Aerdala",
          "Île de Grobe",
          "Lacs enchantés",
          "Havre de Nowel",
          "Pont de Grobe",
          "Lac gelé",
          "Forêt des Strates Igraphies",
          "Ruelles des Eaux-Suaires"
        ]
      },
      {
        "imgUrl": "https://s.ankama.com/www/static.ankama.com/dofus/www/game/items/52/41296.w40h40.png",
        "name": "Raie Bleue",
        "url": "https://www.dofus.com/fr/mmorpg/encyclopedie/ressources/1784-raie-bleue",
        "ankamaId": 1784,
        "level": 130,
        "location": [
          "Plage de la Tortue",
          "Île de Grobe",
          "Dents de Pierre",
          "Crevasse Perge",
          "Berceau d'Alma",
          "Larmes d'Ouronigride",
          "Salles des Embruns",
          "Salles des Courants",
          "Village des Kanigs"
        ]
      },
      {
        "imgUrl": "https://s.ankama.com/www/static.ankama.com/dofus/www/game/items/52/41411.w40h40.png",
        "name": "Lotte",
        "url": "https://www.dofus.com/fr/mmorpg/encyclopedie/ressources/16465-lotte",
        "ankamaId": 16465,
        "level": 140,
        "location": [
          "Pandala Neutre",
          "Bordure d'Akwadala",
          "Bordure d'Aerdala",
          "Bordure de Terrdala",
          "Village d'Aerdala",
          "Île de Grobe",
          "Forêt de Pandala",
          "Lacs enchantés",
          "Pont de Grobe",
          "Faubourgs de Pandala"
        ]
      },
      {
        "imgUrl": "https://s.ankama.com/www/static.ankama.com/dofus/www/game/items/52/41322.w40h40.png",
        "name": "Requin Marteau-Faucille",
        "url": "https://www.dofus.com/fr/mmorpg/encyclopedie/ressources/602-requin-marteau-faucille",
        "ankamaId": 602,
        "level": 150,
        "location": [
          "Île de Grobe",
          "Chemin du Crâne",
          "Dents de Pierre",
          "Crevasse Perge",
          "Berceau d'Alma",
          "Larmes d'Ouronigride",
          "Salles des Embruns",
          "Salles des Courants",
          "Village des Kanigs"
        ]
      },
      {
        "imgUrl": "https://s.ankama.com/www/static.ankama.com/dofus/www/game/items/52/41290.w40h40.png",
        "name": "Bar Rikain",
        "url": "https://www.dofus.com/fr/mmorpg/encyclopedie/ressources/1779-bar-rikain",
        "ankamaId": 1779,
        "level": 160,
        "location": [
          "Territoire des Porcos",
          "Presqu'île des Dragoeufs",
          "Caverne des Fungus",
          "Crevasse Perge",
          "Lac gelé",
          "Forêt de Ponefarr",
          "Ruelles des Eaux-Suaires",
          "Nimotopia",
          "Épreuve de Draegnerys"
        ]
      },
      {
        "imgUrl": "https://s.ankama.com/www/static.ankama.com/dofus/www/game/items/52/41413.w40h40.png",
        "name": "Morue",
        "url": "https://www.dofus.com/fr/mmorpg/encyclopedie/ressources/16467-morue",
        "ankamaId": 16467,
        "level": 170,
        "location": [
          "Plage de Corail",
          "Tourbière sans fond",
          "Village côtier",
          "Tourbière nauséabonde",
          "Salles des Embruns",
          "Salles des Courants",
          "Nimotopia"
        ]
      },
      {
        "imgUrl": "https://s.ankama.com/www/static.ankama.com/dofus/www/game/items/52/41415.w40h40.png",
        "name": "Tanche",
        "url": "https://www.dofus.com/fr/mmorpg/encyclopedie/ressources/16469-tanche",
        "ankamaId": 16469,
        "level": 180,
        "location": [
          "Cimetière",
          "Village d'Aerdala",
          "Havre de Nowel",
          "Tourbière nauséabonde",
          "Caverne des Fungus",
          "Crevasse Perge",
          "Lac gelé",
          "Taïga de Nowel",
          "Forêt de Ponefarr",
          "Ruelles des Eaux-Suaires",
          "Nimotopia"
        ]
      },
      {
        "imgUrl": "https://s.ankama.com/www/static.ankama.com/dofus/www/game/items/52/41417.w40h40.png",
        "name": "Espadon",
        "url": "https://www.dofus.com/fr/mmorpg/encyclopedie/ressources/16471-espadon",
        "ankamaId": 16471,
        "level": 190,
        "location": [
          "Île de Grobe",
          "Dents de Pierre",
          "Port de givre",
          "Berceau d'Alma",
          "Larmes d'Ouronigride",
          "Forêt de Ponefarr",
          "Salles des Embruns",
          "Salles des Courants",
          "Village des Kanigs",
          "Roc des Salbatroces",
          "Nimotopia"
        ]
      },
      {
        "imgUrl": "https://s.ankama.com/www/static.ankama.com/dofus/www/game/items/52/41403.w40h40.png",
        "name": "Poisskaille",
        "url": "https://www.dofus.com/fr/mmorpg/encyclopedie/ressources/11106-poisskaille",
        "ankamaId": 11106,
        "level": 200,
        "location": [
          "Port de givre",
          "Crevasse Perge",
          "Larmes d'Ouronigride",
          "Lac gelé",
          "Taïga de Nowel"
        ]
      },
      {
        "imgUrl": "https://s.ankama.com/www/static.ankama.com/dofus/www/game/items/52/41419.w40h40.png",
        "name": "Patelle",
        "url": "https://www.dofus.com/fr/mmorpg/encyclopedie/ressources/17994-patelle",
        "ankamaId": 17994,
        "level": 200,
        "location": [
          "Ville submergée",
          "Vestiges engloutis",
          "Domaine des Trithons",
          "Tréfonds des Trithons",
          "Plateau de R'lyugluglu",
          "Abîme de R'lyugluglu"
        ]
      }
    ]
  },
  {
    "_id": 41,
    "ankamaId": 41,
    "name": "Chasseur",
    "level": null,
    "imgUrl": "https://s.ankama.com/www/static.ankama.com/dofus/ng/modules/mmorpg/encyclopedia/jobs/assets/images/41.jpg",
    "url": "https://www.dofus.com/fr/mmorpg/encyclopedie/metiers/41-chasseur",
    "description": "Le chasseur récupère de la viande en affrontant des créatures. Après avoir été préparées, ces viandes permettent de récupérer des points de vie ou de l'énergie.",
    "harvests": []
  },
  {
    "_id": 44,
    "ankamaId": 44,
    "name": "Forgemage",
    "level": null,
    "imgUrl": "https://s.ankama.com/www/static.ankama.com/dofus/ng/modules/mmorpg/encyclopedia/jobs/assets/images/44.jpg",
    "url": "https://www.dofus.com/fr/mmorpg/encyclopedie/metiers/44-forgemage",
    "description": "Le forgemage peut modifier les effets des épées, des haches, des marteaux, des pelles et des dagues en utilisant des runes de forgemagie.",
    "harvests": []
  },
  {
    "_id": 48,
    "ankamaId": 48,
    "name": "Sculptemage",
    "level": null,
    "imgUrl": "https://s.ankama.com/www/static.ankama.com/dofus/ng/modules/mmorpg/encyclopedia/jobs/assets/images/48.jpg",
    "url": "https://www.dofus.com/fr/mmorpg/encyclopedie/metiers/48-sculptemage",
    "description": "Le sculptemage peut modifier les effets des baguettes, des arcs et des bâtons avec des runes de forgemagie.",
    "harvests": []
  },
  {
    "_id": 60,
    "ankamaId": 60,
    "name": "Façonneur",
    "level": null,
    "imgUrl": "https://s.ankama.com/www/static.ankama.com/dofus/ng/modules/mmorpg/encyclopedia/jobs/assets/images/60.jpg",
    "url": "https://www.dofus.com/fr/mmorpg/encyclopedie/metiers/60-faconneur",
    "description": "Le façonneur fabrique des trophées, des idoles et des boucliers.",
    "harvests": []
  },
  {
    "_id": 62,
    "ankamaId": 62,
    "name": "Cordomage",
    "level": null,
    "imgUrl": "https://s.ankama.com/www/static.ankama.com/dofus/ng/modules/mmorpg/encyclopedia/jobs/assets/images/62.jpg",
    "url": "https://www.dofus.com/fr/mmorpg/encyclopedie/metiers/62-cordomage",
    "description": "Le cordomage peut modifier les effets des ceintures et des bottes en utilisant des runes de forgemagie.",
    "harvests": []
  },
  {
    "_id": 63,
    "ankamaId": 63,
    "name": "Joaillomage",
    "level": null,
    "imgUrl": "https://s.ankama.com/www/static.ankama.com/dofus/ng/modules/mmorpg/encyclopedia/jobs/assets/images/63.jpg",
    "url": "https://www.dofus.com/fr/mmorpg/encyclopedie/metiers/63-joaillomage",
    "description": "Le joaillomage peut modifier les effets des anneaux et des amulettes en utilisant des runes de forgemagie.",
    "harvests": []
  },
  {
    "_id": 64,
    "ankamaId": 64,
    "name": "Costumage",
    "level": null,
    "imgUrl": "https://s.ankama.com/www/static.ankama.com/dofus/ng/modules/mmorpg/encyclopedia/jobs/assets/images/64.jpg",
    "url": "https://www.dofus.com/fr/mmorpg/encyclopedie/metiers/64-costumage",
    "description": "Le costumage peut modifier les effets des capes, des chapeaux et des sacs à dos en utilisant des runes de forgemagie.",
    "harvests": []
  },
  {
    "_id": 65,
    "ankamaId": 65,
    "name": "Bricoleur",
    "level": null,
    "imgUrl": "https://s.ankama.com/www/static.ankama.com/dofus/ng/modules/mmorpg/encyclopedia/jobs/assets/images/65.jpg",
    "url": "https://www.dofus.com/fr/mmorpg/encyclopedie/metiers/65-bricoleur",
    "description": "Le bricoleur peut fabriquer le matériel nécessaire à l'élevage des montures et les clefs de donjons.",
    "harvests": []
  },
  {
    "_id": 74,
    "ankamaId": 74,
    "name": "Façomage",
    "level": null,
    "imgUrl": "https://s.ankama.com/www/static.ankama.com/dofus/ng/modules/mmorpg/encyclopedia/jobs/assets/images/74.jpg",
    "url": "https://www.dofus.com/fr/mmorpg/encyclopedie/metiers/74-facomage",
    "description": "Le façomage peut modifier les effets des boucliers en utilisant des runes de forgemagie.",
    "harvests": []
  }
]