[
  {
    "_id": 1,
    "ankamaId": 1,
    "name": "Feca",
    "level": null,
    "type": "classe",
    "url": "https://www.dofus.com/fr/mmorpg/encyclopedie/classes/1-feca",
    "description": "\nProtecteur\nLes Fécas sont de loyaux protecteurs toujours sur la défensive. Ils sont appréciés dans les groupes d'aventuriers pour leurs armures élémentaires et leur capacité à encaisser les coups durs.\n\nIls sont également maîtres dans l'art des signes magiques : quand il va y avoir du grabuge, les Fécas sortent leurs glyphes ! ",
    "roles": [
      "Protection",
      "Tank",
      "Entrave"
    ],
    "spells": [
      {
        "name": "Aveuglement ",
        "variant": "Éblouissement "
      },
      {
        "name": "Attaque Naturelle ",
        "variant": "Attraction Naturelle "
      },
      {
        "name": "Rempart ",
        "variant": "Fortification "
      },
      {
        "name": "Typhon ",
        "variant": "Bourrasque "
      },
      {
        "name": "Bulle ",
        "variant": "Boursoufflure "
      },
      {
        "name": "Barricade ",
        "variant": "Pavois "
      },
      {
        "name": "Glyphe Agressif ",
        "variant": "Glyphe Fulminant "
      },
      {
        "name": "Léthargie ",
        "variant": "Atonie "
      },
      {
        "name": "Attaque Nuageuse ",
        "variant": "Attaque Orageuse "
      },
      {
        "name": "Bastion ",
        "variant": "Manoeuvre "
      },
      {
        "name": "Retour du Bâton ",
        "variant": "Tétanie "
      },
      {
        "name": "Téléglyphe ",
        "variant": "Égide "
      },
      {
        "name": "Glyphe de Répulsion ",
        "variant": "Barrière "
      },
      {
        "name": "Trêve ",
        "variant": "Renfort "
      },
      {
        "name": "Glyphe d'Aveuglement ",
        "variant": "Glyphe Protecteur "
      },
      {
        "name": "Frisson ",
        "variant": "Tension "
      },
      {
        "name": "Glyphe Optique ",
        "variant": "Glyphe d'Itinérance "
      },
      {
        "name": "Torpeur ",
        "variant": "Flamme Latérale "
      },
      {
        "name": "Mise en Garde ",
        "variant": "Ataraxie "
      },
      {
        "name": "Glyphe gravitationnel ",
        "variant": "Glyphe d'Excursion "
      },
      {
        "name": "Glyphe Enflammé ",
        "variant": "Glyphe de Perception "
      },
      {
        "name": "Bouclier Féca ",
        "variant": "Inertie "
      }
    ],
    "maleImg": "https://s.ankama.com/www/static.ankama.com/dofus/renderer/look/7b317c31302c323031327c313d31363736353536342c323d373039383135372c333d31353937323931322c343d353436383235342c353d373039383135377c3132357d/full/1/250_250-10_100.png",
    "femaleImg": "https://s.ankama.com/www/static.ankama.com/dofus/renderer/look/7b317c31312c323032307c313d31363130333737352c323d363833333138342c333d31333636313139302c343d31333636313139302c353d363936333436327c3132357d/full/1/250_250-10_100.png"
  },
  {
    "_id": 2,
    "ankamaId": 2,
    "name": "Osamodas",
    "level": null,
    "type": "classe",
    "url": "https://www.dofus.com/fr/mmorpg/encyclopedie/classes/2-osamodas",
    "description": "\nInvocateur de créatures\nLes Osamodas sont des dompteurs nés ! Ils ont le pouvoir d'invoquer des créatures et sont de remarquables dresseurs. Une rumeur prétend qu'ils taillent leurs vêtements dans la peau de leurs ennemis, mais allez donc leur demander ce qu'il en est...\n\nSi vous êtes de son côté, un Osamodas sera aux petits soins pour vous. Dans le cas contraire, peut-être terminerez-vous votre vie sous la forme d'une botte ou d'un bonnet fourré. ",
    "roles": [
      "Invocation",
      "Soins",
      "Amélioration"
    ],
    "spells": [
      {
        "name": "Dragonique ",
        "variant": "Reptincelles "
      },
      {
        "name": "Geyser ",
        "variant": "Aquaculture "
      },
      {
        "name": "Prime ",
        "variant": "Favoritisme "
      },
      {
        "name": " Canine ",
        "variant": "Croc Répulsif "
      },
      {
        "name": "Fossile ",
        "variant": "Sédimentation "
      },
      {
        "name": "Baume Protecteur ",
        "variant": "Quart "
      },
      {
        "name": "Équilibre Bestial ",
        "variant": "Ponction "
      },
      {
        "name": "Onde Aquatique ",
        "variant": "Poison Cinglant "
      },
      {
        "name": "Corbeau Embrasé ",
        "variant": "Écaille Transversale "
      },
      {
        "name": "Second ",
        "variant": "Résistance naturelle "
      },
      {
        "name": "Plumeau ",
        "variant": "Déplumage "
      },
      {
        "name": "Frappe du craqueleur ",
        "variant": "Constriction "
      },
      {
        "name": "Rappel ",
        "variant": "Remplacement "
      },
      {
        "name": "Piqûre Motivante ",
        "variant": "Quint "
      },
      {
        "name": "Souffle du dragon ",
        "variant": "Cœur de Dragon "
      },
      {
        "name": "Pilon Laineux ",
        "variant": "Toison Bouffante "
      },
      {
        "name": "Envol ",
        "variant": "Gambade "
      },
      {
        "name": "Tierce ",
        "variant": "Relais "
      },
      {
        "name": "Tourbillon ",
        "variant": "Batra "
      },
      {
        "name": "Laisse Spirituelle ",
        "variant": "Feu sacrificiel "
      },
      {
        "name": "Fouet ",
        "variant": "Cravache "
      },
      {
        "name": "Bénédiction Animale ",
        "variant": "Sixte "
      }
    ],
    "maleImg": "https://s.ankama.com/www/static.ankama.com/dofus/renderer/look/7b317c32302c323032387c313d31353937333437302c323d31363737373136362c333d343833363537332c343d323832373032372c353d31363736313930347c3133307d/full/1/250_250-10_100.png",
    "femaleImg": "https://s.ankama.com/www/static.ankama.com/dofus/renderer/look/7b317c32312c323033367c313d31363735393337362c323d31363737373136342c333d323732363539342c343d323832373032372c353d323732363539347c3132357d/full/1/250_250-10_100.png"
  },
  {
    "_id": 3,
    "ankamaId": 3,
    "name": "Enutrof",
    "level": null,
    "type": "classe",
    "url": "https://www.dofus.com/fr/mmorpg/encyclopedie/classes/3-enutrof",
    "description": "\nChasseur de trésors\nLes Enutrofs sont des chasseurs de trésor avides de kamas, qui malgré leur grand âge courent comme des dragodindes à la vue d'un coffre bien rempli.\n\nIls sont experts dans l'art de ralentir leurs ennemis : ils peuvent ainsi les harceler avant de les assommer à grands coups de pelle le moment venu ! ",
    "roles": [
      "Entrave",
      "Invocation",
      "Amélioration"
    ],
    "spells": [
      {
        "name": "Sac Animé ",
        "variant": "Musette Animée "
      },
      {
        "name": "Lancer de Pelle ",
        "variant": "Lancer de Bêche "
      },
      {
        "name": "Lancer de Pièces ",
        "variant": "Monnaie Sonnante "
      },
      {
        "name": "Roulage de Pelle ",
        "variant": "Roulage de Bêche "
      },
      {
        "name": "Pelle en l'Air ",
        "variant": "Abattement "
      },
      {
        "name": "Accélération ",
        "variant": "Déambulation "
      },
      {
        "name": "Boîte de Pandore ",
        "variant": "Boîte à Outils "
      },
      {
        "name": "Remblai ",
        "variant": "Tourbière "
      },
      {
        "name": "Clé Réductrice ",
        "variant": "Clef de bras "
      },
      {
        "name": "Pelle Minérale ",
        "variant": "Ségnifuge "
      },
      {
        "name": "Pelle Animée ",
        "variant": "Bêche Animée "
      },
      {
        "name": "Cupidité ",
        "variant": "Avarice "
      },
      {
        "name": "Pelle Fantomatique ",
        "variant": "Bêche Fantomatique "
      },
      {
        "name": "Maladresse ",
        "variant": " Vivacité "
      },
      {
        "name": "Force de l'Âge ",
        "variant": "Obsolescence "
      },
      {
        "name": "Opportunité ",
        "variant": "Chance "
      },
      {
        "name": "Pelle du Jugement ",
        "variant": "Bêche du Jugement "
      },
      {
        "name": "Pelle Massacrante ",
        "variant": "Bêche Carnivore "
      },
      {
        "name": "Retraite Anticipée ",
        "variant": "Dernier Recours "
      },
      {
        "name": "Corruption ",
        "variant": "Décadence "
      },
      {
        "name": "Désinvocation ",
        "variant": "Correction "
      },
      {
        "name": "Coffre Animé ",
        "variant": "Coffre Régénérant "
      }
    ],
    "maleImg": "https://s.ankama.com/www/static.ankama.com/dofus/renderer/look/7b317c33302c323034347c313d31353937333437302c323d31363737373136362c333d343430343235372c343d31363736373238362c353d31303930343332397c3132307d/full/1/250_250-10_100.png",
    "femaleImg": "https://s.ankama.com/www/static.ankama.com/dofus/renderer/look/7b317c33312c323035327c313d31353338343637342c323d31353938323735362c333d343430343235372c343d31363737373136342c353d31313337333838317c39357d/full/1/250_250-10_100.png"
  },
  {
    "_id": 4,
    "ankamaId": 4,
    "name": "Sram",
    "level": null,
    "type": "classe",
    "url": "https://www.dofus.com/fr/mmorpg/encyclopedie/classes/4-sram",
    "description": "\nAssassin\nLes Srams sont des assassins qui aiment les bourses, rebondies de préférence.\n\nTrousser les pans d'une tunique, tâter le fond d'une poche, faire preuve de doigté, palper enfin des bijoux tant convoités avant de poser un piège ou d'asséner un coup mortel, voilà la vie d'un disciple de Sram ! ",
    "roles": [
      "Dégâts",
      "Entrave",
      "Placement"
    ],
    "spells": [
      {
        "name": "Truanderie ",
        "variant": "Chausse-Trappe "
      },
      {
        "name": "Piège Sournois ",
        "variant": "Piège Scélérat "
      },
      {
        "name": "Invisibilité ",
        "variant": "Brume "
      },
      {
        "name": "Poison insidieux ",
        "variant": "Toxines "
      },
      {
        "name": "Piège Insidieux ",
        "variant": "Épidémie "
      },
      {
        "name": "Coup Sournois ",
        "variant": "Coupe-gorge "
      },
      {
        "name": "Double ",
        "variant": "Comploteur "
      },
      {
        "name": "Piège Fangeux ",
        "variant": "Larcin "
      },
      {
        "name": "Piège de Masse ",
        "variant": "Extorsion "
      },
      {
        "name": "Cruauté ",
        "variant": "Guet-apens "
      },
      {
        "name": "Piège Funeste ",
        "variant": "Attaque Mortelle "
      },
      {
        "name": "Piège à Fragmentation ",
        "variant": "Concentration de Chakra "
      },
      {
        "name": "Piège d'Immobilisation ",
        "variant": "Piège de Dérive "
      },
      {
        "name": "Fourvoiement ",
        "variant": "Pillage "
      },
      {
        "name": "Piège Répulsif ",
        "variant": "Fosse Commune "
      },
      {
        "name": "Peur ",
        "variant": "Méprise "
      },
      {
        "name": "Piège Mortel ",
        "variant": "Perfidie  "
      },
      {
        "name": "Dérobade ",
        "variant": "Marque Mortuaire "
      },
      {
        "name": "Arnaque ",
        "variant": "Perquisition "
      },
      {
        "name": "Fourberie ",
        "variant": "Calamité "
      },
      {
        "name": "Injection Toxique "
      },
      {
        "name": "Poisse "
      }
    ],
    "maleImg": "https://s.ankama.com/www/static.ankama.com/dofus/renderer/look/7b317c34302c323036307c313d31353931393239342c323d333130313831342c333d333130313831342c343d333130313831342c353d383734383632387c3134307d/full/1/250_250-10_100.png",
    "femaleImg": "https://s.ankama.com/www/static.ankama.com/dofus/renderer/look/7b317c34312c323036387c313d31353338343637342c323d31363737373139382c333d343135373835342c343d343135373835342c353d31343837323530357c3135357d/full/1/250_250-10_100.png"
  },
  {
    "_id": 5,
    "ankamaId": 5,
    "name": "Xelor",
    "level": null,
    "type": "classe",
    "url": "https://www.dofus.com/fr/mmorpg/encyclopedie/classes/5-xelor",
    "description": "\nMaître du temps\nLes Xélors sont des mages qui maîtrisent le temps et toutes les mécaniques qui donnent l'heure : carillons, horloges et pendules leur obéissent au doigt et à l'œil.\n\nLes Xélors jouent donc avec le temps pour ralentir un ennemi ou se téléporter où bon leur semble. ",
    "roles": [
      "Placement",
      "Entrave",
      "Dégâts"
    ],
    "spells": [
      {
        "name": "Ralentissement ",
        "variant": "Souvenir "
      },
      {
        "name": "Aiguille ",
        "variant": "Rouage "
      },
      {
        "name": "Téléportation ",
        "variant": "Retour Spontané "
      },
      {
        "name": "Flétrissement ",
        "variant": "Dessèchement "
      },
      {
        "name": "Rembobinage ",
        "variant": "Renvoi "
      },
      {
        "name": "Frappe de Xélor ",
        "variant": "Engrenage "
      },
      {
        "name": "Complice ",
        "variant": "Cadran de Xélor "
      },
      {
        "name": "Gelure ",
        "variant": "Perturbation "
      },
      {
        "name": "Sablier de Xélor ",
        "variant": "Distorsion Temporelle "
      },
      {
        "name": "Vol du Temps ",
        "variant": "Pétrification "
      },
      {
        "name": "Flou ",
        "variant": "Conservation "
      },
      {
        "name": "Poussière Temporelle ",
        "variant": "Suspension Temporelle "
      },
      {
        "name": "Raulebaque ",
        "variant": "Instabilité Temporelle "
      },
      {
        "name": "Démotivation ",
        "variant": "Pendule "
      },
      {
        "name": "Paradoxe Temporel ",
        "variant": "Faille Temporelle "
      },
      {
        "name": "Synchro ",
        "variant": "Heure Grave "
      },
      {
        "name": "Contre ",
        "variant": "Bouclier Temporel  "
      },
      {
        "name": "Fuite ",
        "variant": "Prémonition "
      },
      {
        "name": "Horloge ",
        "variant": "Clepsydre "
      },
      {
        "name": "Rayon Obscur ",
        "variant": "Rayon Ténébreux "
      },
      {
        "name": "Momification ",
        "variant": "Embaumement "
      },
      {
        "name": "Désynchronisation ",
        "variant": "Glas "
      }
    ],
    "maleImg": "https://s.ankama.com/www/static.ankama.com/dofus/renderer/look/7b317c35302c323037367c313d373935373332302c323d363137383038322c333d323737353635342c343d31343532333935342c353d343333363635387c3131307d/full/1/250_250-10_100.png",
    "femaleImg": "https://s.ankama.com/www/static.ankama.com/dofus/renderer/look/7b317c35312c323038347c313d373935373332302c323d31363737373136362c333d323531323939382c343d31333934353530392c353d323531323939387c3131307d/full/1/250_250-10_100.png"
  },
  {
    "_id": 6,
    "ankamaId": 6,
    "name": "Ecaflip",
    "level": null,
    "type": "classe",
    "url": "https://www.dofus.com/fr/mmorpg/encyclopedie/classes/6-ecaflip",
    "description": "\nCombattant imprévisible\nLes Ecaflips sont des guerriers joueurs qui se fourrent dans les endroits où l'on peut gagner gros, et perdre beaucoup... Un Ecaflip bien dans sa peau parie sans arrêt, pour tout et pour rien.\n\nMais attention, il prend le jeu très au sérieux et ira même jusqu'à risquer sa vie sur un jet de dés pour tenter de remporter la mise... ",
    "roles": [
      "Dégâts",
      "Amélioration",
      "Soins"
    ],
    "spells": [
      {
        "name": "Pile ou Face ",
        "variant": "Face ou Pile "
      },
      {
        "name": "Chance d'Ecaflip ",
        "variant": "Aubaine "
      },
      {
        "name": "Pelotage ",
        "variant": "Miaouch "
      },
      {
        "name": "Bluff ",
        "variant": "Toupet "
      },
      {
        "name": "Bond du Félin ",
        "variant": "Entrechat "
      },
      {
        "name": "Topkaj ",
        "variant": "Feulement "
      },
      {
        "name": "Griffe Invocatrice ",
        "variant": "Caresse Invocatrice "
      },
      {
        "name": "Perception ",
        "variant": "Rugissement "
      },
      {
        "name": "Tout ou Rien ",
        "variant": "Péril "
      },
      {
        "name": "Roulette ",
        "variant": "Coup du Sort "
      },
      {
        "name": "Contrecoup ",
        "variant": "Corollaire "
      },
      {
        "name": "Langue Râpeuse ",
        "variant": "Lapement "
      },
      {
        "name": "Roue de la Fortune ",
        "variant": "Mistigri "
      },
      {
        "name": "Esprit Félin ",
        "variant": "Coussinets  "
      },
      {
        "name": "Trèfle ",
        "variant": "Bonne Étoile "
      },
      {
        "name": "Odorat ",
        "variant": "Redistribution "
      },
      {
        "name": "Réflexes ",
        "variant": "Fanfaronnade "
      },
      {
        "name": "Griffe Joueuse ",
        "variant": "Mésaventure "
      },
      {
        "name": "Félintion ",
        "variant": "Kraps "
      },
      {
        "name": "Griffe de Ceangal ",
        "variant": "Infortune "
      },
      {
        "name": "Rekop ",
        "variant": "Tromperie "
      },
      {
        "name": "Destin d'Ecaflip ",
        "variant": "Audace d'Ecaflip "
      }
    ],
    "maleImg": "https://s.ankama.com/www/static.ankama.com/dofus/renderer/look/7b317c36302c323039327c313d31363338303633342c323d31333732363031322c333d31363733353737382c343d323738363138362c353d31363736313930347c3135307d/full/1/250_250-10_100.png",
    "femaleImg": "https://s.ankama.com/www/static.ankama.com/dofus/renderer/look/7b317c36312c323130307c313d31363338303633342c323d31343337383736392c333d31343536383733352c343d31333230313138312c353d323035373034367c3135307d/full/1/250_250-10_100.png"
  },
  {
    "_id": 7,
    "ankamaId": 7,
    "name": "Eniripsa",
    "level": null,
    "type": "classe",
    "url": "https://www.dofus.com/fr/mmorpg/encyclopedie/classes/7-eniripsa",
    "description": "\nGuérisseur\nLes Eniripsas sont des guérisseurs qui soignent d'un simple mot. Ils utilisent le pouvoir de la parole pour soulager les souffrances de leurs alliés, mais parfois aussi pour blesser leurs ennemis.\n\nCertains Eniripsas sont même devenus de véritables arpenteurs du verbe, des rôdeurs des langues oubliées. ",
    "roles": [
      "Soins",
      "Amélioration",
      "Entrave"
    ],
    "spells": [
      {
        "name": "Mot Blessant ",
        "variant": "Mot Vexant "
      },
      {
        "name": "Mot Alternatif ",
        "variant": "Mot Marquant "
      },
      {
        "name": "Mot d'Amitié ",
        "variant": "Mot d'Affection "
      },
      {
        "name": "Mot Interdit ",
        "variant": "Mot Tabou "
      },
      {
        "name": "Mot de Frayeur ",
        "variant": "Mot de Séduction "
      },
      {
        "name": "Mot Stimulant ",
        "variant": "Mot d'Abnégation "
      },
      {
        "name": "Mot Brutal ",
        "variant": "Mot Pernicieux "
      },
      {
        "name": "Mot de Jouvence ",
        "variant": "Mot Défendu "
      },
      {
        "name": "Mot Sélectif ",
        "variant": "Mot Impartial "
      },
      {
        "name": "Mot Éclatant ",
        "variant": "Mot Retentissant "
      },
      {
        "name": "Mot de Prévention ",
        "variant": "Mot d'Entraide "
      },
      {
        "name": "Mot Secret ",
        "variant": "Mot d'Agonie "
      },
      {
        "name": "Mot Turbulent ",
        "variant": "Mot Espiègle "
      },
      {
        "name": "Mot d'Immobilisation ",
        "variant": "Mot Vivifiant "
      },
      {
        "name": "Mot Déroutant ",
        "variant": "Mot Furieux "
      },
      {
        "name": "Mot Tournoyant ",
        "variant": "Mot Tourbillonnant "
      },
      {
        "name": "Mot Fracassant ",
        "variant": "Mot Accablant "
      },
      {
        "name": "Mot de Silence ",
        "variant": "Mot Sacrificiel "
      },
      {
        "name": "Mot de Régénération ",
        "variant": "Marque de Régénération "
      },
      {
        "name": "Mot d'Envol ",
        "variant": "Mot de Ralliement "
      },
      {
        "name": "Mot Revitalisant ",
        "variant": "Mot Galvanisant "
      },
      {
        "name": "Mot de Reconstitution ",
        "variant": "Mot de Solidarité "
      }
    ],
    "maleImg": "https://s.ankama.com/www/static.ankama.com/dofus/renderer/look/7b317c37302c323130387c313d31363736353536342c323d373336303534352c333d31343435333533322c343d363034383831362c353d343733343030377c3131307d/full/1/250_250-10_100.png",
    "femaleImg": "https://s.ankama.com/www/static.ankama.com/dofus/renderer/look/7b317c37312c323131367c313d31343738353333372c323d31363730373737322c333d31363730373737322c343d31313934313134342c353d31353338383737387c3131357d/full/1/250_250-10_100.png"
  },
  {
    "_id": 8,
    "ankamaId": 8,
    "name": "Iop",
    "level": null,
    "type": "classe",
    "url": "https://www.dofus.com/fr/mmorpg/encyclopedie/classes/8-iop",
    "description": "\nGuerrier téméraire\nLes Iops sont des guerriers fonceurs et sans reproche ! Une chose est sûre : les Iops savent faire parler les armes. D'ailleurs, se retrouver pris dans une bagarre au moins une fois par jour est pour eux un signe de bonne santé.\n\nLeur tempérament impétueux fait des Iops des paladins de l'extrême, capables du meilleur... comme du pire ! ",
    "roles": [
      "Dégâts",
      "Amélioration",
      "Placement"
    ],
    "spells": [
      {
        "name": "Pression ",
        "variant": "Tannée "
      },
      {
        "name": "Bond ",
        "variant": "Détermination "
      },
      {
        "name": "Intimidation ",
        "variant": "Conquête "
      },
      {
        "name": "Déferlement ",
        "variant": "Menace "
      },
      {
        "name": "Épée Divine ",
        "variant": "Fendoir "
      },
      {
        "name": "Épée Destructrice ",
        "variant": "Anneau Destructeur "
      },
      {
        "name": "Massacre ",
        "variant": "Rassemblement "
      },
      {
        "name": "Souffle ",
        "variant": "Violence "
      },
      {
        "name": "Concentration ",
        "variant": "Accumulation "
      },
      {
        "name": "Couperet ",
        "variant": "Fracture "
      },
      {
        "name": "Friction ",
        "variant": "Coup pour coup "
      },
      {
        "name": "Duel ",
        "variant": "Emprise "
      },
      {
        "name": "Épée du Jugement ",
        "variant": "Condamnation "
      },
      {
        "name": "Puissance ",
        "variant": "Vertu "
      },
      {
        "name": "Précipitation ",
        "variant": "Agitation "
      },
      {
        "name": "Tempête de Puissance ",
        "variant": "Tumulte "
      },
      {
        "name": "Épée Céleste ",
        "variant": "Zénith "
      },
      {
        "name": "Ferveur ",
        "variant": "Endurance "
      },
      {
        "name": "Vitalité ",
        "variant": "Vindicte "
      },
      {
        "name": "Épée de Iop ",
        "variant": "Pugilat "
      },
      {
        "name": "Épée du destin ",
        "variant": "Sentence "
      },
      {
        "name": "Colère de Iop ",
        "variant": "Fureur "
      }
    ],
    "maleImg": "https://s.ankama.com/www/static.ankama.com/dofus/renderer/look/7b317c38302c323132347c313d31363736353536342c323d31363335353838332c333d31363737373138352c343d323931303036342c353d31343536313739397c3134307d/full/1/250_250-10_100.png",
    "femaleImg": "https://s.ankama.com/www/static.ankama.com/dofus/renderer/look/7b317c38312c323133327c313d31363130333737352c323d31353433303431392c333d31363737373138352c343d31343433323738362c353d31343433323738367c3134307d/full/1/250_250-10_100.png"
  },
  {
    "_id": 9,
    "ankamaId": 9,
    "name": "Cra",
    "level": null,
    "type": "classe",
    "url": "https://www.dofus.com/fr/mmorpg/encyclopedie/classes/9-cra",
    "description": "\nArcher\nLes Crâs sont des archers aussi fiers que précis ! Ils font des alliés précieux contre les adeptes de la mêlée franche.\n\nRestant à distance, décochant leurs traits empennés dans le moindre orifice laissé sans surveillance, ils ne laissent aucun répit à leurs adversaires ! ",
    "roles": [
      "Dégâts",
      "Entrave",
      "Amélioration"
    ],
    "spells": [
      {
        "name": "Flèche Magique ",
        "variant": "Flèche de Concentration "
      },
      {
        "name": "Flèche de Recul ",
        "variant": "Flèche Érosive "
      },
      {
        "name": "Flèche de dispersion ",
        "variant": "Représailles "
      },
      {
        "name": "Flèche Glacée ",
        "variant": "Flèche Paralysante "
      },
      {
        "name": "Flèche Enflammée ",
        "variant": "Flèche Répulsive "
      },
      {
        "name": "Tir Éloigné ",
        "variant": "Acuité Absolue "
      },
      {
        "name": "Flèche d'Expiation ",
        "variant": "Flèche de Rédemption "
      },
      {
        "name": "Œil de Taupe ",
        "variant": " Flèche Écrasante "
      },
      {
        "name": "Tir Critique ",
        "variant": "Balise de Rappel "
      },
      {
        "name": "Flèche d'Immobilisation ",
        "variant": "Flèche Assaillante "
      },
      {
        "name": "Flèche Punitive ",
        "variant": "Flèche du Jugement "
      },
      {
        "name": "Tir Puissant ",
        "variant": "Balise Tactique "
      },
      {
        "name": "Flèche Harcelante ",
        "variant": "Flèche Massacrante "
      },
      {
        "name": "Flèche Empoisonnée ",
        "variant": "Flèche Curative "
      },
      {
        "name": "Flèche Persécutrice ",
        "variant": "Flèche Tyrannique "
      },
      {
        "name": "Flèche Destructrice ",
        "variant": "Tir de Barrage "
      },
      {
        "name": "Flèche Absorbante ",
        "variant": "Flèche Dévorante "
      },
      {
        "name": "Flèche Cinglante ",
        "variant": "Flèche de Repli "
      },
      {
        "name": "Flèche Ralentissante ",
        "variant": "Flèche Percutante "
      },
      {
        "name": "Flèche Complice ",
        "variant": "Flèche d'Abolition "
      },
      {
        "name": "Flèche Explosive ",
        "variant": "Flèche Fulminante "
      },
      {
        "name": "Maîtrise de l'Arc ",
        "variant": "Sentinelle "
      }
    ],
    "maleImg": "https://s.ankama.com/www/static.ankama.com/dofus/renderer/look/7b317c39302c323134307c313d31363736323938332c323d31343737343534322c333d353739323736382c343d353834353737362c353d31363432323135397c3134307d/full/1/250_250-10_100.png",
    "femaleImg": "https://s.ankama.com/www/static.ankama.com/dofus/renderer/look/7b317c39312c323134387c313d31363736313730332c323d31343737353331322c333d383039313930342c343d31343035333839352c353d363936333436327c3133357d/full/1/250_250-10_100.png"
  },
  {
    "_id": 10,
    "ankamaId": 10,
    "name": "Sadida",
    "level": null,
    "type": "classe",
    "url": "https://www.dofus.com/fr/mmorpg/encyclopedie/classes/10-sadida",
    "description": "\nSorcier sylvestre\nLes Sadidas sont des invocateurs qui empoisonnent la vie de leurs ennemis !\n\nApprivoiser les ronces pour en faire des armes terrifiantes, confectionner des poupées de guerre et de soins, voilà qui satisfait tout disciple Sadida digne de ce nom. ",
    "roles": [
      "Invocation",
      "Entrave",
      "Soins"
    ],
    "spells": [
      {
        "name": "Ronce ",
        "variant": "Broussaille Empoisonnée "
      },
      {
        "name": "Arbre ",
        "variant": "Arbre Feuillu "
      },
      {
        "name": "Folle ",
        "variant": "Folle Transmutée "
      },
      {
        "name": "Braises Épineuses ",
        "variant": "Mangrove "
      },
      {
        "name": "Bloqueuse ",
        "variant": "Bloqueuse Transmutée "
      },
      {
        "name": "Larme ",
        "variant": "Montée de Sève "
      },
      {
        "name": "Poison de Proximité ",
        "variant": "Poison Paralysant "
      },
      {
        "name": "Ronce Apaisante ",
        "variant": "Rempotage "
      },
      {
        "name": "Puissance Sylvestre ",
        "variant": "Influence Végétale "
      },
      {
        "name": "Sacrifiée ",
        "variant": "Sacrifiée Transmutée "
      },
      {
        "name": "Tremblement ",
        "variant": "Secousse "
      },
      {
        "name": "Don naturel ",
        "variant": "Inoculation "
      },
      {
        "name": "Ronces Multiples ",
        "variant": "Force de la Nature "
      },
      {
        "name": "Sacrifice Poupesque ",
        "variant": "Fléau "
      },
      {
        "name": "Vent Empoisonné ",
        "variant": "Altruisme végétal "
      },
      {
        "name": "Gonflable ",
        "variant": "Gonflable Transmutée "
      },
      {
        "name": "Ronces Agressives ",
        "variant": "Ronce Harcelante "
      },
      {
        "name": "Herbe Folle ",
        "variant": "Contagion "
      },
      {
        "name": "Arbre de vie ",
        "variant": "Harmonie "
      },
      {
        "name": "Feu de Brousse ",
        "variant": "Malédiction Vaudou "
      },
      {
        "name": "Ronce Insolente ",
        "variant": "Ronce Paralysante "
      },
      {
        "name": "Surpuissante ",
        "variant": "Surpuissante Transmutée "
      }
    ],
    "maleImg": "https://s.ankama.com/www/static.ankama.com/dofus/renderer/look/7b317c3130302c323135362c313235337c313d383533373838372c323d383136343039392c333d31343430323636392c343d31343430323636392c353d31313936303839327c3135307d/full/1/250_250-10_100.png",
    "femaleImg": "https://s.ankama.com/www/static.ankama.com/dofus/renderer/look/7b317c3130312c323136347c313d383533373838372c323d383535373832362c333d31363131343539362c343d31363131343539362c353d31353132383437387c3134357d/full/1/250_250-10_100.png"
  },
  {
    "_id": 11,
    "ankamaId": 11,
    "name": "Sacrieur",
    "level": null,
    "type": "classe",
    "url": "https://www.dofus.com/fr/mmorpg/encyclopedie/classes/11-sacrieur",
    "description": "\nBerserk\nLes Sacrieurs sont des berserkers qui décuplent leurs forces dès qu'ils sont frappés !\n\nN'ayant pas peur de recevoir des coups, ni de s'exposer aux blessures, ils seront souvent en première ligne, prêts à verser le premier sang ! Le Sacrieur est vraiment le compagnon idéal pour vos longues soirées guerrières... ",
    "roles": [
      "Tank",
      "Placement",
      "Dégâts"
    ],
    "spells": [
      {
        "name": "Nervosité ",
        "variant": "Déchaînement "
      },
      {
        "name": "Attirance ",
        "variant": "Perfusion "
      },
      {
        "name": "Hémorragie ",
        "variant": "Désolation "
      },
      {
        "name": " Bain de Sang ",
        "variant": "Supplice "
      },
      {
        "name": "Douleur Cuisante ",
        "variant": "Immolation "
      },
      {
        "name": "Mutilation ",
        "variant": "Châtiment "
      },
      {
        "name": "Épée Volante ",
        "variant": "Épée Véloce "
      },
      {
        "name": "Ravage ",
        "variant": "Fulgurance "
      },
      {
        "name": "Assaut ",
        "variant": "Aversion "
      },
      {
        "name": "Transposition ",
        "variant": "Fluctuation "
      },
      {
        "name": "Condensation ",
        "variant": "Afflux "
      },
      {
        "name": "Hostilité ",
        "variant": "Projection "
      },
      {
        "name": "Couronne d'Épines ",
        "variant": "Rituel de Jashin "
      },
      {
        "name": "Transfert de Vie ",
        "variant": "Riposte "
      },
      {
        "name": "Absorption ",
        "variant": "Hécatombe "
      },
      {
        "name": "Décimation ",
        "variant": "Entaille "
      },
      {
        "name": "Sacrifice ",
        "variant": "Pénitence "
      },
      {
        "name": "Furie ",
        "variant": "Carnage "
      },
      {
        "name": "Stase ",
        "variant": "Dissolution "
      },
      {
        "name": "Coagulation ",
        "variant": "Pacte de Sang "
      },
      {
        "name": "Pilori ",
        "variant": "Berserk "
      },
      {
        "name": "Punition ",
        "variant": "Folie Sanguinaire "
      }
    ],
    "maleImg": "https://s.ankama.com/www/static.ankama.com/dofus/renderer/look/7b317c3131302c323137327c313d31363736353536342c323d31363735333433342c333d393830393730342c343d353636343830322c353d31363737313133387c3134357d/full/1/250_250-10_100.png",
    "femaleImg": "https://s.ankama.com/www/static.ankama.com/dofus/renderer/look/7b317c3131312c323138307c313d31363536353130352c323d31363735333433342c333d353939323438322c343d363030333533302c353d31363736393334307c3134307d/full/1/250_250-10_100.png"
  },
  {
    "_id": 12,
    "ankamaId": 12,
    "name": "Pandawa",
    "level": null,
    "type": "classe",
    "url": "https://www.dofus.com/fr/mmorpg/encyclopedie/classes/12-pandawa",
    "description": "\nBagarreur assoiffé\nLes Pandawas sont des guerriers adeptes des arts martiaux qui savent faire des folies de leur corps ! Ils peuvent même en faire avec le corps des autres...\n\nLe Pandawa sait comment soulever les foules, il porte ses alliés sur ses épaules pour mieux les protéger. Quant à ses ennemis, il les enverra valser dans le décor, avant de fêter sa victoire avec une bonne rasade de lait de bambou ! ",
    "roles": [
      "Placement",
      "Dégâts",
      "Tank"
    ],
    "spells": [
      {
        "name": "Poing Enflammé ",
        "variant": "Cercle Brûlant "
      },
      {
        "name": "Ribote ",
        "variant": "Gueule de Bois "
      },
      {
        "name": "Bombance ",
        "variant": "Picole "
      },
      {
        "name": "Épouvante ",
        "variant": "Consolation "
      },
      {
        "name": "Souffle Alcoolisé ",
        "variant": "Engourdissement "
      },
      {
        "name": "Alcoshu ",
        "variant": "Gnôle "
      },
      {
        "name": "Karcham ",
        "variant": "Chamrak "
      },
      {
        "name": "Schnaps ",
        "variant": "Liqueur "
      },
      {
        "name": "Propulsion ",
        "variant": "Eau-de-vie "
      },
      {
        "name": "Ivresse ",
        "variant": "Ebriété "
      },
      {
        "name": "Stabilisation ",
        "variant": "Varappe "
      },
      {
        "name": "Éviction ",
        "variant": "Nausée "
      },
      {
        "name": "Ethylo ",
        "variant": "Distillation "
      },
      {
        "name": "Souillure ",
        "variant": "Brassage "
      },
      {
        "name": "Vulnérabilité ",
        "variant": "Prohibition "
      },
      {
        "name": "Vague à Lame ",
        "variant": "Pandjiu "
      },
      {
        "name": "Colère de Zatoïshwan ",
        "variant": "Fermentation "
      },
      {
        "name": "Flasque Explosive ",
        "variant": "Absinthe "
      },
      {
        "name": "Vertige ",
        "variant": "Cascade "
      },
      {
        "name": "Pandatak ",
        "variant": "Bistouille "
      },
      {
        "name": "Pandanlku ",
        "variant": "Brancard "
      },
      {
        "name": "Lien Spiritueux ",
        "variant": "Bambou "
      }
    ],
    "maleImg": "https://s.ankama.com/www/static.ankama.com/dofus/renderer/look/7b317c3132302c323138387c313d31353435373938342c323d353139373130382c333d373637333131302c343d31353435373938342c353d343031353931357c3136307d/full/1/250_250-10_100.png",
    "femaleImg": "https://s.ankama.com/www/static.ankama.com/dofus/renderer/look/7b317c3132312c323139367c313d31363338303633342c323d343533383932352c333d393731313838392c343d31353435373938342c353d393731313838397c3134357d/full/1/250_250-10_100.png"
  },
  {
    "_id": 13,
    "ankamaId": 13,
    "name": "Roublard",
    "level": null,
    "type": "classe",
    "url": "https://www.dofus.com/fr/mmorpg/encyclopedie/classes/13-roublard",
    "description": "\nExpert en explosifs\nLes Roublards sont des fins stratèges poseurs de bombes ! En tout cas, tout le monde le sait, ils manient la poudre comme personne et quand il s'agit de faire exploser leurs ennemis, ils ne se font pas prier.\n\nSi jamais, en passant par hasard sur un terrain miné, vous apercevez des étincelles, soyez sûr qu'un Roublard n'est pas bien loin ! ",
    "roles": [
      "Dégâts",
      "Entrave",
      "Placement"
    ],
    "spells": [
      {
        "name": "Détonateur ",
        "variant": "Étoupille "
      },
      {
        "name": "Extraction ",
        "variant": "Oblitération "
      },
      {
        "name": "Explobombe ",
        "variant": "Explobombe Latente "
      },
      {
        "name": "Botte ",
        "variant": "Ruse "
      },
      {
        "name": "Roublardise ",
        "variant": "Casemate "
      },
      {
        "name": "Tornabombe ",
        "variant": "Tornabombe Latente "
      },
      {
        "name": "Dagues Boomerang ",
        "variant": "Cadence "
      },
      {
        "name": "Aimantation ",
        "variant": "Croisement "
      },
      {
        "name": "Entourloupe ",
        "variant": "Stratagème "
      },
      {
        "name": "Resquille ",
        "variant": "Recel "
      },
      {
        "name": "Bombe à Eau ",
        "variant": "Bombe à Eau Latente "
      },
      {
        "name": "Pulsar ",
        "variant": "Grenaille "
      },
      {
        "name": "Roublabot ",
        "variant": "Mégabombe "
      },
      {
        "name": "Rémission ",
        "variant": "Bombe Ambulante  "
      },
      {
        "name": "Espingole ",
        "variant": "Mitraille "
      },
      {
        "name": "Dernier Souffle ",
        "variant": "Piège Magnétique "
      },
      {
        "name": "Poudre ",
        "variant": "Bombe Collante "
      },
      {
        "name": "Sismobombe ",
        "variant": "Sismobombe Latente "
      },
      {
        "name": "Mousquet ",
        "variant": "Arquebuse "
      },
      {
        "name": "Tromblon ",
        "variant": "Shrapnel "
      },
      {
        "name": "Bombarde ",
        "variant": "Plombage "
      },
      {
        "name": "Kaboom ",
        "variant": "Imposture "
      }
    ],
    "maleImg": "https://s.ankama.com/www/static.ankama.com/dofus/renderer/look/7b317c313430352c323230347c313d31343738353333372c323d323536373731332c333d323536373731332c343d333431393431392c353d31363737373136347c3136307d/full/1/250_250-10_100.png",
    "femaleImg": "https://s.ankama.com/www/static.ankama.com/dofus/renderer/look/7b317c313430372c323231327c313d31343738353333372c323d3637373436322c333d323536373731332c343d333431393431392c353d333431393431397c3135357d/full/1/250_250-10_100.png"
  },
  {
    "_id": 14,
    "ankamaId": 14,
    "name": "Zobal",
    "level": null,
    "type": "classe",
    "url": "https://www.dofus.com/fr/mmorpg/encyclopedie/classes/14-zobal",
    "description": "\nGuerrier lunatique\nCe guerrier aux multiples visages peut s'adapter à toutes les situations. Il tire son pouvoir des masques qu'il porte et peut ainsi changer de techniques de combat.\n\nQu'il vous tape de loin, qu'il vous maintienne au corps à corps ou qu'il vous cause des dégâts très importants, le Zobal est toujours plein de surprises Et ses adversaires en font bien souvent les frais. ",
    "roles": [
      "Tank",
      "Protection",
      "Dégâts"
    ],
    "spells": [
      {
        "name": "Masque du Pleutre ",
        "variant": "Masque du Couard "
      },
      {
        "name": "Martelo ",
        "variant": "Parafuso "
      },
      {
        "name": "Picada ",
        "variant": "Agular "
      },
      {
        "name": "Masque de l'Intrépide ",
        "variant": "Masque de l'Infatigable "
      },
      {
        "name": "Appui ",
        "variant": "Pivot "
      },
      {
        "name": "Tortoruga ",
        "variant": "Armadur "
      },
      {
        "name": "Reuche ",
        "variant": "Scudo "
      },
      {
        "name": "Rétention ",
        "variant": "Estrelia "
      },
      {
        "name": "Masque du Psychopathe ",
        "variant": "Masque de l'Hystérique "
      },
      {
        "name": "Furia ",
        "variant": "Cavalcade "
      },
      {
        "name": "Distance ",
        "variant": "Atabak "
      },
      {
        "name": "Plastron ",
        "variant": "Ginga "
      },
      {
        "name": " Fougue ",
        "variant": "Névrose "
      },
      {
        "name": "Débandade ",
        "variant": "Comédie "
      },
      {
        "name": "Cabriole ",
        "variant": "Bocciara "
      },
      {
        "name": "Appeau ",
        "variant": "Catalepsie "
      },
      {
        "name": "Transe ",
        "variant": " Mascarade "
      },
      {
        "name": "Apostasie ",
        "variant": "Brincaderia "
      },
      {
        "name": "Apathie ",
        "variant": "Ponteira "
      },
      {
        "name": "Boliche ",
        "variant": "Inferno "
      },
      {
        "name": "Purgatorio ",
        "variant": "Ronda "
      },
      {
        "name": "Grimace ",
        "variant": "Diffraction "
      }
    ],
    "maleImg": "https://s.ankama.com/www/static.ankama.com/dofus/renderer/look/7b317c313433372c323232307c313d31363736313730332c323d31343432383436352c333d343836333532332c343d313835353832342c353d31353236323933317c3135307d/full/1/250_250-10_100.png",
    "femaleImg": "https://s.ankama.com/www/static.ankama.com/dofus/renderer/look/7b317c313433382c323232387c313d31363736313730332c323d31343432383436352c333d343836333532332c343d313835353832342c353d31353236323933317c3134357d/full/1/250_250-10_100.png"
  },
  {
    "_id": 15,
    "ankamaId": 15,
    "name": "Steamer",
    "level": null,
    "type": "classe",
    "url": "https://www.dofus.com/fr/mmorpg/encyclopedie/classes/15-steamer",
    "description": "\nTacticien technomage\nLes Steamers sont aussi à l'aise sous les eaux que sur le champ de bataille. Harponneurs, gardiens, maîtres des mouvements sur le terrain : ces explorateurs des profondeurs sont changeants comme l'océan.\n\nLeurs tourelles technomagiques bombardent tous ceux qui passent à leur portée, aussi bien les amis que les ennemis. Prenez garde à ne pas finir noyé sous un déluge de technomagie ! ",
    "roles": [
      "Soins",
      "Placement",
      "Dégâts"
    ],
    "spells": [
      {
        "name": "Flibuste ",
        "variant": "Sabordage "
      },
      {
        "name": "Ancrage ",
        "variant": "Amarage "
      },
      {
        "name": "Harponneuse ",
        "variant": "Chalutier "
      },
      {
        "name": " Évolution ",
        "variant": "Transition "
      },
      {
        "name": "Courant ",
        "variant": "Harmattan "
      },
      {
        "name": "Armure de Sel ",
        "variant": "Assistance "
      },
      {
        "name": "Scaphandre ",
        "variant": "Blindage "
      },
      {
        "name": "Gardienne ",
        "variant": " Foreuse "
      },
      {
        "name": "Ressac ",
        "variant": "Selpâtre "
      },
      {
        "name": "Marée ",
        "variant": "Corrosion "
      },
      {
        "name": "Vapor ",
        "variant": "Soupape "
      },
      {
        "name": "Aspiration ",
        "variant": "Surtension "
      },
      {
        "name": "Tactirelle ",
        "variant": "Bathyscaphe "
      },
      {
        "name": "Longue Vue ",
        "variant": "Périscope "
      },
      {
        "name": "Secourisme ",
        "variant": "Sauvetage "
      },
      {
        "name": "Torpille ",
        "variant": "Court-circuit "
      },
      {
        "name": "Embuscade ",
        "variant": "Sonar "
      },
      {
        "name": "Cuirasse ",
        "variant": "Revêtement "
      },
      {
        "name": "Brise l'âme ",
        "variant": "Compas "
      },
      {
        "name": "Écume ",
        "variant": "Nautile "
      },
      {
        "name": "Foène ",
        "variant": "Arraisonnage "
      },
      {
        "name": "Piston ",
        "variant": "Récursivité "
      }
    ],
    "maleImg": "https://s.ankama.com/www/static.ankama.com/dofus/renderer/look/7b317c313636332c323233367c313d31363639393739342c323d31363531313432332c333d333431373838322c343d31363337373735392c353d31313234323036347c3136307d/full/1/250_250-10_100.png",
    "femaleImg": "https://s.ankama.com/www/static.ankama.com/dofus/renderer/look/7b317c313636342c323234347c313d31363639393739342c323d31363531313432332c333d333431373838322c343d31363337373735392c353d31313234323036347c3136307d/full/1/250_250-10_100.png"
  },
  {
    "_id": 16,
    "ankamaId": 16,
    "name": "Eliotrope",
    "level": null,
    "type": "classe",
    "url": "https://www.dofus.com/fr/mmorpg/encyclopedie/classes/16-eliotrope",
    "description": "\nCréateur de portails\nApparus par accident, les Eliotropes sont des reflets de leur créateur, le Roi-Dieu. Ils se déplacent à la vitesse de l'éclair, disparaissant en un clin d'œil pour réapparaître plus loin. Tout comme les Eliatropes, ils connaissent les secrets du Wakfu. ",
    "roles": [
      "Placement",
      "Dégâts",
      "Soins"
    ],
    "spells": [
      {
        "name": "Portail ",
        "variant": "Portail Flexible "
      },
      {
        "name": "Affront ",
        "variant": "Mépris "
      },
      {
        "name": "Affliction ",
        "variant": "Tribulation "
      },
      {
        "name": "Commotion ",
        "variant": "Convulsion "
      },
      {
        "name": "Rayon de Wakfu ",
        "variant": "Faisceau "
      },
      {
        "name": "Neutral ",
        "variant": "Interruption "
      },
      {
        "name": "Offense ",
        "variant": "Outrage "
      },
      {
        "name": "Étirement ",
        "variant": "Contraction "
      },
      {
        "name": "Thérapie ",
        "variant": "Camouflet "
      },
      {
        "name": "Distribution ",
        "variant": "Diffusion "
      },
      {
        "name": "Stupeur ",
        "variant": "Distorsion "
      },
      {
        "name": "Brimade ",
        "variant": "Sermon "
      },
      {
        "name": "Cicatrisation ",
        "variant": "Conjuration "
      },
      {
        "name": "Poing fulgurant ",
        "variant": "Insolence "
      },
      {
        "name": "Odyssée ",
        "variant": "Exode "
      },
      {
        "name": "Paume Curative ",
        "variant": "Cabale "
      },
      {
        "name": "Audace ",
        "variant": "Aplomb "
      },
      {
        "name": "Focus ",
        "variant": "Conflagration "
      },
      {
        "name": "Parasite ",
        "variant": "Virus "
      },
      {
        "name": "Sinécure ",
        "variant": "Raillerie "
      },
      {
        "name": "Sarcasme ",
        "variant": "Persiflage "
      },
      {
        "name": " Entraide ",
        "variant": "Coalition "
      }
    ],
    "maleImg": "https://s.ankama.com/www/static.ankama.com/dofus/renderer/look/7b317c333137392c333138337c313d234535453345342c323d233741413041302c333d234132363132412c343d233239384341392c353d234438433839347c3134357d/full/1/250_250-10_100.png",
    "femaleImg": "https://s.ankama.com/www/static.ankama.com/dofus/renderer/look/7b317c333138302c333139317c313d234535453345342c323d233741413041302c333d234132363132412c343d233239384341392c353d234438433839347c3134357d/full/1/250_250-10_100.png"
  },
  {
    "_id": 17,
    "ankamaId": 17,
    "name": "Huppermage",
    "level": null,
    "type": "classe",
    "url": "https://www.dofus.com/fr/mmorpg/encyclopedie/classes/17-huppermage",
    "description": "\nMage élémentaliste\n \nLes Huppermages sont capables de combiner le Feu, l'Air, l'Eau et la Terre pour lancer des sortilèges aux multiples effets. Maîtres des runes élémentaires, ils vénèrent la Balance Krosmique, une force mystérieuse qui tend à maintenir l'équilibre dans l'univers. ",
    "roles": [
      "Dégâts",
      "Placement",
      "Amélioration"
    ],
    "spells": [
      {
        "name": "Onde Tellurique ",
        "variant": "Onde Céleste "
      },
      {
        "name": "Éther ",
        "variant": "Dard "
      },
      {
        "name": "Runification ",
        "variant": "Manifestation "
      },
      {
        "name": "Lance-Flamme  ",
        "variant": "Cataracte "
      },
      {
        "name": "Stalagmite ",
        "variant": "Tison "
      },
      {
        "name": "Drain Élémentaire ",
        "variant": "Morph "
      },
      {
        "name": "Orage ",
        "variant": "Brèche Tectonique "
      },
      {
        "name": "Lame Astrale ",
        "variant": " Lame Tellurique "
      },
      {
        "name": "Polarité ",
        "variant": "Courant Quadramental "
      },
      {
        "name": "Trait Ardent ",
        "variant": "Volcan "
      },
      {
        "name": "Glacier ",
        "variant": "Stalactite "
      },
      {
        "name": "Traversée ",
        "variant": "Répulsion Runique "
      },
      {
        "name": "Bouclier Élémentaire ",
        "variant": "Gardien Élémentaire "
      },
      {
        "name": "Déflagration ",
        "variant": "Déluge "
      },
      {
        "name": "Contribution ",
        "variant": "Création "
      },
      {
        "name": "Éclats Glacés ",
        "variant": "Lance Solaire "
      },
      {
        "name": "Traitement Runique ",
        "variant": "Surcharge Runique "
      },
      {
        "name": " Propagation ",
        "variant": "Piège Élémentaire "
      },
      {
        "name": "Rafale Transperçante ",
        "variant": "Ouragan "
      },
      {
        "name": "Météore Percutant ",
        "variant": "Comète "
      },
      {
        "name": "Empreinte ",
        "variant": "Cycle Élémentaire "
      },
      {
        "name": "Tribut ",
        "variant": "Torrent Arcanique "
      }
    ],
    "maleImg": "https://s.ankama.com/www/static.ankama.com/dofus/renderer/look/7b317c333238352c333238397c313d234639454244302c323d233436324232302c333d233239353635352c343d233434384539312c353d234630463345397c3134307d/full/1/250_250-10_100.png",
    "femaleImg": "https://s.ankama.com/www/static.ankama.com/dofus/renderer/look/7b317c333238362c333239377c313d234639454244302c323d234646464144412c333d233239353635352c343d233434384539312c353d234630463345397c3133357d/full/1/250_250-10_100.png"
  },
  {
    "_id": 18,
    "ankamaId": 18,
    "name": "Ouginak",
    "level": null,
    "type": "classe",
    "url": "https://www.dofus.com/fr/mmorpg/encyclopedie/classes/18-ouginak",
    "description": "\n\n",
    "roles": [
      "Dégâts",
      "Tank",
      "Entrave"
    ],
    "spells": [
      {
        "name": "Proie ",
        "variant": "Gibier "
      },
      {
        "name": "Molosse ",
        "variant": "Mâchoire "
      },
      {
        "name": "Cubitus ",
        "variant": "Calcaneus "
      },
      {
        "name": "Carcasse ",
        "variant": "Dépouille "
      },
      {
        "name": "Rabattage ",
        "variant": "Aboi "
      },
      {
        "name": "Convergence ",
        "variant": "Pistage "
      },
      {
        "name": "Lance-roquet ",
        "variant": "Gangrène "
      },
      {
        "name": "Dogue ",
        "variant": "Muselière "
      },
      {
        "name": "Tibia ",
        "variant": "Humérus "
      },
      {
        "name": "Traque ",
        "variant": "Chasse "
      },
      {
        "name": "Limier ",
        "variant": "Battue "
      },
      {
        "name": "Arcanin ",
        "variant": "Caninos "
      },
      {
        "name": "Pelage protecteur ",
        "variant": "Férocité "
      },
      {
        "name": "Charogne ",
        "variant": "Radius "
      },
      {
        "name": "Os à moelle ",
        "variant": "Vertèbre "
      },
      {
        "name": "Apaisement ",
        "variant": "Affection "
      },
      {
        "name": "Cerbère ",
        "variant": "Amarok "
      },
      {
        "name": "Panique ",
        "variant": "Poursuite "
      },
      {
        "name": "Aboiement ",
        "variant": "Rogne "
      },
      {
        "name": "Tétanisation ",
        "variant": "Dépeçage "
      },
      {
        "name": "Flair ",
        "variant": "Acharnement "
      },
      {
        "name": "Canal Canin ",
        "variant": "Appel de la Meute "
      }
    ],
    "maleImg": "https://s.ankama.com/www/static.ankama.com/dofus/renderer/look/7b317c333439382c333530327c313d363234373232362c323d383830353637332c333d31313330303838352c343d333535313030372c353d383733333435397c3135357d/full/1/250_250-10_100.png",
    "femaleImg": "https://s.ankama.com/www/static.ankama.com/dofus/renderer/look/7b317c333439392c333531307c313d393739353636302c323d31343139363531312c333d31313330303838352c343d333535313030372c353d31333339353439307c3134357d/full/1/250_250-10_100.png"
  }
]